Category,Type,Model,ResponseLength,QuestionLength,ResponseCharacters,AverageWordLength,Actual,Predicted,Error
0.7837867903182016,-1.0614372692331613,-0.0135309587314829,-0.0663298507468523,-0.4514696382959861,0.004747666335894,0.3409335880840297,1.0,0.0,True
1.5973504129794645,0.9421187940032042,-0.0135309587314829,-0.0079015887774938,0.4285413132555611,0.1130482059603463,0.5661379947849019,1.0,0.0,True
2.004132224310096,-1.0614372692331613,-1.2253034851287368,0.5763810309160916,-0.0114641625202125,0.735776308800947,0.674057472697585,1.0,0.0,True
1.292264054481491,0.9421187940032042,-0.0135309587314829,-1.0596103042259477,-0.744806622146502,-0.7082308861917503,2.6017794445729843,1.0,0.0,True
1.190568601648833,-1.0614372692331613,-1.2253034851287368,0.8685223407628844,0.1352043294050453,0.9162772081750342,0.290298006074242,1.0,0.0,True
-1.1484268135022977,-1.0614372692331613,-0.0135309587314829,0.2258114590999403,0.1352043294050453,0.131098295897755,-0.3219322127713717,1.0,0.0,True
-1.2501222663349552,0.9421187940032042,-0.0135309587314829,0.1089549351612232,-0.0114641625202125,0.5643004543955642,1.9819306316650824,1.0,0.0,True
1.5973504129794645,0.9421187940032042,1.198241567665771,-1.0596103042259477,-0.0114641625202125,-1.1324079997208552,-0.92166793735483,1.0,0.0,True
1.5973504129794645,0.9421187940032042,1.198241567665771,-0.5921842084710793,-0.1581326544454703,-0.7804312459413852,-1.244801409651951,1.0,0.0,True
