Category,Type,Model,ResponseLength,QuestionLength,ResponseCharacters,AverageWordLength
-0.7416450021716661,0.9421187940032042,-0.01353095873148291,0.1673831971305818,1.6018892486576242,0.09499811602293759,-0.24696524719843832
-0.8433404550043239,-1.0614372692331613,1.198241567665771,-0.007901588777493833,-0.15813265444547037,0.04084784621071144,0.24320337385534752
-1.453513172000271,-1.0614372692331613,-0.01353095873148291,0.401096245008016,1.89522623250814,0.19427361067868554,-0.6983967572789221
-0.6399495493390082,-1.0614372692331613,1.198241567665771,-1.0596103042259477,-0.15813265444547037,-1.1414330446895595,-0.996634902927762
0.5803958846528859,0.9421187940032042,1.198241567665771,-0.5337559465017208,-0.0114641625202125,-0.5548051217237763,-0.21697846096926693
-0.8433404550043239,-1.0614372692331613,-0.01353095873148291,-0.5337559465017208,-0.744806622146502,-0.43747953713061954,0.46522092574441665
0.1736140733222546,0.9421187940032042,1.198241567665771,-0.30004289862428657,-1.1848120979222756,-0.13965305316337573,0.7893428063097415
1.0888731488161751,-1.0614372692331613,-1.2253034851287368,0.3426679830386574,-0.8914751140717597,0.1401233408664594,-0.7067626360457557
-0.6399495493390082,0.9421187940032042,1.198241567665771,0.517952768946733,-0.30480114637072825,0.5372253194894512,0.170038498800996
-0.13147228517571893,-1.0614372692331613,-1.2253034851287368,-1.0011820422565891,-0.8914751140717597,-1.1955833145017858,-1.8246791135742395
-0.8433404550043239,0.9421187940032042,-1.2253034851287368,1.1022353886403184,-0.5981381302212441,0.6004006342703817,-1.3533742563437836
1.292264054481491,0.9421187940032042,1.198241567665771,0.3426679830386574,0.575209805180819,0.7538263987383558,1.6721890714686252
0.7837867903182016,-1.0614372692331613,-1.2253034851287368,1.1022353886403184,-0.744806622146502,0.7267512638322426,-0.9733692929223688
-1.453513172000271,0.9421187940032042,1.198241567665771,1.1022353886403184,1.6018892486576242,1.0967781075491214,0.13950238566891807
-1.2501222663349552,-1.0614372692331613,-1.2253034851287368,0.1673831971305818,-0.744806622146502,0.10402316099164195,-0.20948176441197375
0.07191862048959675,-1.0614372692331613,-0.01353095873148291,1.45280496045647,0.2818728213303033,1.4487548613285914,0.170038498800996
-1.453513172000271,-1.0614372692331613,-0.01353095873148291,0.5763810309160916,1.0152152809565926,0.4289247798649989,-0.41831831136514214
0.3770049789875703,0.9421187940032042,1.198241567665771,0.7516658168241672,-0.744806622146502,0.934327298112443,0.7376970121537284
1.3939595073141489,0.9421187940032042,-1.2253034851287368,0.7516658168241672,0.13520432940504537,0.5733254993642686,-0.4733078163320997
0.5803958846528859,0.9421187940032042,-1.2253034851287368,0.1673831971305818,-0.744806622146502,-0.10355287328855829,-1.071601868500694
-0.6399495493390082,0.9421187940032042,-1.2253034851287368,-0.007901588777493833,0.2818728213303033,0.1762235207412768,0.8487057880982622
2.1058276771427535,-1.0614372692331613,-1.2253034851287368,-1.0011820422565891,-0.30480114637072825,-0.9248319654406549,0.3221021732870007
-0.5382540965063504,0.9421187940032042,1.198241567665771,-0.7090407324097964,-1.0381436059970177,-0.7353060210978634,-0.3219322127713717
-0.7416450021716661,0.9421187940032042,1.198241567665771,1.3943766984871113,1.89522623250814,1.1780035122674606,-0.4218881668686143
1.5973504129794645,0.9421187940032042,-0.01353095873148291,-0.41689942256300366,-0.45146963829598613,-0.43747953713061954,-0.17434099929966138
0.07191862048959675,0.9421187940032042,-1.2253034851287368,-0.12475811271621093,-0.8914751140717597,0.23037379055350296,1.677862247241712
1.3939595073141489,0.9421187940032042,1.198241567665771,0.05052667319186471,-0.15813265444547037,0.12207325092905066,0.3471479549670481
-0.8433404550043239,-1.0614372692331613,-1.2253034851287368,0.4595245069773745,-0.0114641625202125,0.1852485657099812,-0.9248580209962306
-0.5382540965063504,0.9421187940032042,1.198241567665771,-1.5854646619501744,-1.1848120979222756,-1.4843847535003252,0.5964131154970476
0.7837867903182016,-1.0614372692331613,1.198241567665771,0.9853788647016014,-0.5981381302212441,0.49210009464592935,-1.3902114721856562
1.292264054481491,0.9421187940032042,-1.2253034851287368,-0.884325518317872,0.575209805180819,-0.599930346567298,1.8427389181470462
-0.8433404550043239,-1.0614372692331613,1.198241567665771,0.9853788647016014,-0.45146963829598613,0.5552754094268599,-1.1934231875567092
0.7837867903182016,-1.0614372692331613,-1.2253034851287368,0.517952768946733,-0.744806622146502,0.2664739704283204,-0.8139029243437393
0.27530952615491244,0.9421187940032042,-1.2253034851287368,-1.643892923919533,-0.5981381302212441,-1.5926852931247775,-0.17881346031395576
-0.13147228517571893,-1.0614372692331613,-0.01353095873148291,-1.4686081380114575,-0.744806622146502,-1.5656101582186643,-1.8962384898029483
0.3770049789875703,0.9421187940032042,-1.2253034851287368,-1.1180385661953063,-0.45146963829598613,-1.2136334044391943,-1.1878006651387385
1.5973504129794645,0.9421187940032042,-1.2253034851287368,-0.30004289862428657,-0.5981381302212441,-0.2569786377565324,0.187402170974138
0.3770049789875703,-1.0614372692331613,1.198241567665771,1.0438071266709599,0.7218782971060769,0.5191752295520424,-1.4543279558993478
-1.2501222663349552,-1.0614372692331613,-0.01353095873148291,0.1673831971305818,-1.0381436059970177,0.031822801242007086,-0.5093496267037015
0.07191862048959675,-1.0614372692331613,-0.01353095873148291,0.4595245069773745,0.2818728213303033,0.49210009464592935,0.21400183898405803
-0.3348631908410346,-1.0614372692331613,-1.2253034851287368,0.2842397210692989,-0.30480114637072825,-0.10355287328855829,-1.4668822324307005
1.5973504129794645,0.9421187940032042,-0.01353095873148291,0.1673831971305818,-0.0114641625202125,0.13109829589775504,-0.09703131605257442
-0.13147228517571893,0.9421187940032042,-1.2253034851287368,-0.8258972563485134,-1.0381436059970177,-0.7804312459413852,0.11887354479747017
0.3770049789875703,-1.0614372692331613,-0.01353095873148291,-0.18318637468556948,-0.30480114637072825,-0.2118534129130106,-0.14700929310119712
-1.453513172000271,0.9421187940032042,1.198241567665771,-1.2348950901340232,1.4552207567323663,-1.051182595002516,1.3398355240952922
1.190568601648833,-1.0614372692331613,1.198241567665771,0.517952768946733,0.42854131325556116,0.3115991952718422,-0.6499126871529497
-0.6399495493390082,0.9421187940032042,1.198241567665771,0.517952768946733,0.2818728213303033,0.582350544332973,0.33402873599178573
0.8854822431508595,-1.0614372692331613,-1.2253034851287368,0.5763810309160916,0.13520432940504537,0.9433523430811473,1.413017561916488
-1.453513172000271,0.9421187940032042,1.198241567665771,-1.7607494478582502,1.89522623250814,-1.782211237467569,-1.7213155701327738
0.07191862048959675,-1.0614372692331613,1.198241567665771,2.2123723660581307,0.2818728213303033,2.7122611569472017,1.3546017445869303
0.5803958846528859,0.9421187940032042,-0.01353095873148291,0.6932375548548088,-0.45146963829598613,1.0155527028307823,1.2215053137301741
-1.2501222663349552,-1.0614372692331613,1.198241567665771,0.8685223407628844,-0.744806622146502,0.8892020732689212,0.2028365462391534
0.3770049789875703,0.9421187940032042,-1.2253034851287368,-1.0596103042259477,-0.15813265444547037,-1.3129088990949422,-2.4210072488134733
0.1736140733222546,0.9421187940032042,-1.2253034851287368,-0.7090407324097964,-1.1848120979222756,-0.6179804365047067,0.436067105799388
1.3939595073141489,0.9421187940032042,1.198241567665771,2.329228889996848,0.13520432940504537,2.2971090883868013,0.1563380486053096
-1.453513172000271,0.9421187940032042,1.198241567665771,0.1673831971305818,2.041894724433398,0.004747666335894009,-0.6218000750631009
-1.453513172000271,-1.0614372692331613,-1.2253034851287368,-0.884325518317872,1.748557740582882,-0.8887317855658375,-0.2563361178950555
-0.23316773800837678,0.9421187940032042,-0.01353095873148291,0.1673831971305818,-0.8914751140717597,0.022797756273302727,-0.546833109490169
-1.0467313606696396,0.9421187940032042,1.198241567665771,1.8033745322726211,-0.0114641625202125,2.2880840434180967,1.409804691963362
1.80074131864478,-1.0614372692331613,1.198241567665771,0.10895493516122326,-0.744806622146502,0.09499811602293759,-0.01475050017984426
0.7837867903182016,-1.0614372692331613,-0.01353095873148291,0.1673831971305818,-0.8914751140717597,-0.14867809813208008,-1.259019282433024
-0.23316773800837678,0.9421187940032042,-1.2253034851287368,-0.41689942256300366,-0.45146963829598613,-0.5548051217237763,-0.8139029243437393
1.5973504129794645,0.9421187940032042,1.198241567665771,-1.4686081380114575,0.13520432940504537,-1.5204849333751427,-1.3339862480059572
-1.0467313606696396,0.9421187940032042,-0.01353095873148291,0.6348092928854502,0.13520432940504537,0.8711519833315124,0.9375128088538893
-0.5382540965063504,0.9421187940032042,-1.2253034851287368,-0.7090407324097964,-1.0381436059970177,-0.3652791773809847,2.0686810227210217
0.3770049789875703,0.9421187940032042,-0.01353095873148291,0.401096245008016,-0.5981381302212441,0.04084784621071144,-1.2802055987905923
-1.1484268135022975,-1.0614372692331613,-0.01353095873148291,0.05052667319186471,0.575209805180819,-0.06745269341374086,-0.47936284047452876
-1.1484268135022975,-1.0614372692331613,-1.2253034851287368,-0.24161463665492802,0.13520432940504537,-0.3562541324122803,-0.5918132888339281
1.292264054481491,-1.0614372692331613,-1.2253034851287368,0.6932375548548088,1.1618837728818505,1.358504411641548,2.3945178338713475
0.3770049789875703,-1.0614372692331613,-1.2253034851287368,-0.767468994379155,-0.5981381302212441,-0.599930346567298,0.9496228571387489
1.5973504129794645,0.9421187940032042,-1.2253034851287368,-0.884325518317872,0.13520432940504537,-0.9067818755032462,-0.3875283076476878
-1.5552086248329289,0.9421187940032042,-1.2253034851287368,-1.8191777098276087,1.6018892486576242,-1.5926852931247775,3.417045195178623
-0.8433404550043239,0.9421187940032042,-0.01353095873148291,-1.1764668281646646,-1.0381436059970177,-1.0331325050651072,0.9209411638325063
-0.8433404550043239,-1.0614372692331613,1.198241567665771,0.5763810309160916,-0.0114641625202125,0.4379498248337032,-0.3861896118338844
0.9871776959835173,0.9421187940032042,-1.2253034851287368,0.05052667319186471,0.13520432940504537,0.34769937514665966,1.3310893781117834
1.5973504129794645,0.9421187940032042,-0.01353095873148291,0.05052667319186471,0.13520432940504537,0.10402316099164195,0.26843264111546955
-0.6399495493390082,0.9421187940032042,-1.2253034851287368,-0.6506124704404378,-0.30480114637072825,-0.6089553915360024,0.12786958066622145
-1.453513172000271,-1.0614372692331613,1.198241567665771,-0.9427537802872306,1.6018892486576242,-1.006057370158994,-0.7326208067796095
-1.351817719167613,0.9421187940032042,-1.2253034851287368,-2.1113190196744016,2.7752371840596872,-2.007837361685178,1.252374064260205
0.07191862048959675,-1.0614372692331613,-1.2253034851287368,0.5763810309160916,0.13520432940504537,0.24842388049091169,-1.0608923019902747
-1.0467313606696396,0.9421187940032042,-0.01353095873148291,0.8685223407628844,0.8685467890313348,0.8621269383628081,0.11537508640406612
1.5973504129794645,-1.0614372692331613,1.198241567665771,1.1022353886403184,-0.30480114637072825,1.1238532424552345,0.22093202068779305
-0.7416450021716661,0.9421187940032042,-1.2253034851287368,0.2842397210692989,1.89522623250814,0.38379955502147706,0.46522092574441665
-1.453513172000271,-1.0614372692331613,-0.01353095873148291,8.172055086932701,2.4819002002091715,7.161608326518451,-0.6473474767387927
-0.8433404550043239,-1.0614372692331613,1.198241567665771,-0.24161463665492802,-1.0381436059970177,-0.17575323303819315,0.3077902980412595
0.3770049789875703,-1.0614372692331613,1.198241567665771,-0.06632985074685238,1.1618837728818505,-0.24795359278782803,-0.8190815634129224
-0.8433404550043239,-1.0614372692331613,1.198241567665771,-0.9427537802872306,-0.5981381302212441,-0.85263160569102,0.43099687624373073
0.7837867903182016,0.9421187940032042,-0.01353095873148291,0.7516658168241672,-0.30480114637072825,0.7809015336444688,0.22301996004725047
1.902436771477438,-1.0614372692331613,1.198241567665771,-0.7090407324097964,-0.0114641625202125,-0.599930346567298,0.5526823855795039
-0.029776832343061093,-1.0614372692331613,-0.01353095873148291,0.1673831971305818,-0.30480114637072825,0.049872891179415804,-0.4343826611307696
-0.23316773800837678,0.9421187940032042,-1.2253034851287368,0.10895493516122326,0.575209805180819,0.08597307105423324,-0.053148214253785186
0.3770049789875703,0.9421187940032042,-1.2253034851287368,0.22581145909994035,0.575209805180819,0.14914838583516374,-0.248708665002461
1.5973504129794645,-1.0614372692331613,-0.01353095873148291,-0.3584711605936451,-0.5981381302212441,-0.23892854781912368,0.5844865527922639
1.0888731488161751,-1.0614372692331613,-0.01353095873148291,0.4595245069773745,-0.744806622146502,0.29354910533443346,-0.522907482179658
-0.43655864367369246,-1.0614372692331613,1.198241567665771,-1.4686081380114575,-0.744806622146502,-1.5114598884064383,-1.221535799646558
-1.2501222663349552,-1.0614372692331613,-1.2253034851287368,-1.2348950901340232,-1.0381436059970177,-1.177533224564377,0.11537508640406612
-1.0467313606696396,0.9421187940032042,1.198241567665771,-1.1764668281646646,0.7218782971060769,-1.2858337641888293,-1.3990891391613975
-1.351817719167613,0.9421187940032042,-0.01353095873148291,-0.5337559465017208,2.3352317082839136,-0.3833292673183934,0.7800821811507322
-1.5552086248329289,0.9421187940032042,1.198241567665771,-1.8191777098276087,1.89522623250814,-1.854411597217204,-2.2898150590608424
-1.453513172000271,-1.0614372692331613,1.198241567665771,-1.410179876042099,1.3085522648071084,-1.3399840340010554,0.2028365462391534
1.3939595073141489,0.9421187940032042,-1.2253034851287368,0.05052667319186471,-0.15813265444547037,-0.12160296322596702,-0.7155087820292658
1.292264054481491,-1.0614372692331613,-0.01353095873148291,0.10895493516122326,-0.0114641625202125,0.4379498248337032,1.4443626346299097
-0.7416450021716661,0.9421187940032042,-1.2253034851287368,0.4595245069773745,1.1618837728818505,0.5733254993642686,0.5154647430964889
-1.0467313606696396,0.9421187940032042,-1.2253034851287368,-0.7090407324097964,0.8685467890313348,-0.8706816956284288,-1.1965468111222473
1.292264054481491,-1.0614372692331613,-1.2253034851287368,0.8685223407628844,-0.0114641625202125,1.5029051311408175,2.1852963025011394
-0.6399495493390082,0.9421187940032042,1.198241567665771,-0.41689942256300366,0.575209805180819,-0.5006548519115501,-0.5187204974003188
1.5973504129794645,0.9421187940032042,-1.2253034851287368,-1.1180385661953063,-0.5981381302212441,-1.1414330446895595,-0.5580781543261087
-0.23316773800837678,0.9421187940032042,1.198241567665771,0.5763810309160916,0.575209805180819,0.4469748698024076,-0.35406091230262804
1.292264054481491,-1.0614372692331613,1.198241567665771,-0.4753276845323622,1.1618837728818505,0.11304820596034632,3.2329529289128334
-0.13147228517571893,-1.0614372692331613,-0.01353095873148291,-0.06632985074685238,-0.45146963829598613,-0.06745269341374086,0.009500687656328295
-0.6399495493390082,0.9421187940032042,1.198241567665771,1.0438071266709599,-0.5981381302212441,1.5570554009530437,1.7219040065327798
-0.6399495493390082,0.9421187940032042,-1.2253034851287368,0.5763810309160916,-1.1848120979222756,0.6635759490513122,0.4170278764475314
-1.453513172000271,-1.0614372692331613,1.198241567665771,-0.767468994379155,1.748557740582882,-0.8706816956284288,-0.8668843855899938
-0.3348631908410346,-1.0614372692331613,-0.01353095873148291,0.1673831971305818,-0.5981381302212441,0.19427361067868554,0.1653530634526874
1.80074131864478,-1.0614372692331613,1.198241567665771,-0.30004289862428657,-0.8914751140717597,-0.17575323303819315,0.6041303031295553
-0.3348631908410346,-1.0614372692331613,-0.01353095873148291,0.3426679830386574,-0.8914751140717597,0.4650249597398163,0.5526823855795039
-0.7416450021716661,0.9421187940032042,-1.2253034851287368,0.4595245069773745,1.6018892486576242,0.510150184583338,0.2809935954534873
0.5803958846528859,0.9421187940032042,-0.01353095873148291,-0.12475811271621093,1.3085522648071084,-0.08550278335114958,0.18865360680643734
1.5973504129794645,0.9421187940032042,-1.2253034851287368,0.2842397210692989,-0.15813265444547037,0.08597307105423324,-0.7155087820292658
0.3770049789875703,0.9421187940032042,-0.01353095873148291,-1.1180385661953063,-1.0381436059970177,-1.5475600682812556,-4.100267277647156
0.3770049789875703,0.9421187940032042,1.198241567665771,-1.1180385661953063,-0.15813265444547037,-1.3399840340010554,-2.2898150590608424
-0.23316773800837678,0.9421187940032042,1.198241567665771,-0.4753276845323622,0.575209805180819,-0.41942944719321085,0.23669259520757435
-0.8433404550043239,-1.0614372692331613,-0.01353095873148291,0.2842397210692989,0.2818728213303033,0.2032986556473899,-0.250372836542663
0.9871776959835173,0.9421187940032042,1.198241567665771,-0.6506124704404378,-0.45146963829598613,-0.40137935725580215,1.4210497367993018
-0.13147228517571893,-1.0614372692331613,-1.2253034851287368,-0.8258972563485134,-0.744806622146502,-0.8616566506597244,-0.4478767149338979
-1.351817719167613,0.9421187940032042,-0.01353095873148291,-0.007901588777493833,0.8685467890313348,-0.06745269341374086,-0.24119855753898342
-0.029776832343061093,-1.0614372692331613,-0.01353095873148291,0.517952768946733,-0.5981381302212441,0.48307504967722503,-0.026749785827951063
-1.5552086248329289,0.9421187940032042,-0.01353095873148291,-0.4753276845323622,1.748557740582882,-0.32917899750616725,0.7445333297338903
-0.13147228517571893,-1.0614372692331613,1.198241567665771,-1.0011820422565891,-0.744806622146502,-1.0602076399712204,-0.7512884701436181
2.1058276771427535,-1.0614372692331613,-1.2253034851287368,-1.5854646619501744,-0.45146963829598613,-1.6197604280308906,-1.3714697307924233
0.5803958846528859,0.9421187940032042,-0.01353095873148291,0.401096245008016,-0.5981381302212441,0.6455258591139035,1.0128057177553995
-0.6399495493390082,-1.0614372692331613,1.198241567665771,0.22581145909994035,0.13520432940504537,0.1852485657099812,-0.10226156946463967
0.6820913374855438,-1.0614372692331613,-0.01353095873148291,-0.767468994379155,1.1618837728818505,-0.7082308861917503,0.22301996004725047
-0.13147228517571893,-1.0614372692331613,-1.2253034851287368,-1.7023211858888916,-0.45146963829598613,-1.6919607877805254,-0.9516547235840028
1.5973504129794645,-1.0614372692331613,-1.2253034851287368,-0.18318637468556948,-0.5981381302212441,-0.14867809813208008,0.15910581632160975
1.292264054481491,0.9421187940032042,1.198241567665771,0.05052667319186471,-0.45146963829598613,0.37477451005277274,1.449162348889152
-1.2501222663349552,-1.0614372692331613,-0.01353095873148291,0.6348092928854502,-0.8914751140717597,0.8621269383628081,0.9060266833132584
-0.13147228517571893,0.9421187940032042,1.198241567665771,-1.4686081380114575,-1.0381436059970177,-1.4934097984690295,-0.996634902927762
2.1058276771427535,0.9421187940032042,1.198241567665771,0.7516658168241672,-0.15813265444547037,0.5913755893016773,-0.41275757490780846
-0.7416450021716661,0.9421187940032042,-0.01353095873148291,0.6348092928854502,1.1618837728818505,0.9523773880498516,1.2208879387195741
-1.453513172000271,-1.0614372692331613,-0.01353095873148291,-0.41689942256300366,2.6285686921344293,-0.40137935725580215,0.022447285329285707
-0.13147228517571893,0.9421187940032042,-0.01353095873148291,-0.18318637468556948,-1.0381436059970177,-0.06745269341374086,0.5526823855795039
1.80074131864478,-1.0614372692331613,1.198241567665771,0.9269506027322428,0.13520432940504537,0.9975026128933735,0.3650377990242256
-1.1484268135022975,-1.0614372692331613,-1.2253034851287368,-1.410179876042099,0.42854131325556116,-1.55658511324996,-2.3160534970113686
-0.23316773800837678,0.9421187940032042,1.198241567665771,0.2842397210692989,0.7218782971060769,0.34769937514665966,0.3221021732870007
0.5803958846528859,0.9421187940032042,-1.2253034851287368,-0.18318637468556948,0.13520432940504537,0.29354910533443346,2.3019115822812566
1.190568601648833,-1.0614372692331613,1.198241567665771,-0.24161463665492802,-1.3314805898475335,-0.24795359278782803,-0.05205113670881525
-0.23316773800837678,0.9421187940032042,-1.2253034851287368,-0.4753276845323622,0.13520432940504537,-0.6270054814734111,-0.9313410942029492
-0.23316773800837678,-1.0614372692331613,-1.2253034851287368,0.8100940787935258,-0.45146963829598613,0.6274757691764947,-0.47045167286869055
-1.453513172000271,0.9421187940032042,1.198241567665771,-0.18318637468556948,1.89522623250814,-0.4555296270680283,-1.3277390008748795
1.190568601648833,-1.0614372692331613,-1.2253034851287368,-0.41689942256300366,-1.3314805898475335,-0.4465045820993239,-0.22353807045689814
1.5973504129794645,-1.0614372692331613,1.198241567665771,-0.3584711605936451,-0.45146963829598613,-0.22990350285041933,0.6321928036114026
1.292264054481491,-1.0614372692331613,-1.2253034851287368,0.517952768946733,0.2818728213303033,1.2050786471735737,2.5970940092246773
-0.6399495493390082,0.9421187940032042,1.198241567665771,0.4595245069773745,-0.30480114637072825,0.6455258591139035,0.7834317689742031
0.5803958846528859,0.9421187940032042,-1.2253034851287368,1.3943766984871113,-0.45146963829598613,1.2682539619545041,-0.17199828162550776
0.3770049789875703,-1.0614372692331613,-1.2253034851287368,-0.007901588777493833,0.575209805180819,-0.031352513538923425,-0.07973124707420551
0.7837867903182016,-1.0614372692331613,1.198241567665771,0.22581145909994035,-0.8914751140717597,0.06792298111682452,-0.578214629962559
1.80074131864478,-1.0614372692331613,-1.2253034851287368,0.6348092928854502,0.13520432940504537,0.7177262188635384,0.4022486746631535
-0.6399495493390082,-1.0614372692331613,1.198241567665771,1.3359484365177527,-0.15813265444547037,1.0697029726430083,-0.575852580034529
1.190568601648833,0.9421187940032042,1.198241567665771,0.05052667319186471,-0.5981381302212441,0.1401233408664594,0.42586326881862663
-0.23316773800837678,0.9421187940032042,-0.01353095873148291,0.517952768946733,-1.0381436059970177,0.25744892545961606,-0.8467009717818967
-1.2501222663349552,-1.0614372692331613,1.198241567665771,-1.0596103042259477,-0.744806622146502,-1.2677836742514206,-2.046172420948812
0.3770049789875703,0.9421187940032042,1.198241567665771,-1.2933233521033818,-0.45146963829598613,-1.1955833145017858,0.5115240515394628
0.3770049789875703,-1.0614372692331613,-1.2253034851287368,0.22581145909994035,-0.45146963829598613,0.15817343080386811,-0.21209689111800567
0.07191862048959675,0.9421187940032042,-0.01353095873148291,0.2842397210692989,-0.8914751140717597,0.34769937514665966,0.3221021732870007
-0.8433404550043239,-1.0614372692331613,-0.01353095873148291,0.10895493516122326,-0.0114641625202125,-0.18477827800689753,-1.2050796364720116
-0.8433404550043239,0.9421187940032042,1.198241567665771,1.8618027942419797,-0.5981381302212441,1.5570554009530437,-0.543665491226523
-1.351817719167613,0.9421187940032042,-1.2253034851287368,-2.2281755436131183,2.4819002002091715,-2.125162946278335,2.8266803412917816
0.07191862048959675,-1.0614372692331613,-1.2253034851287368,1.2190919125790356,-0.0114641625202125,0.8621269383628081,-0.8729394097324229
0.3770049789875703,-1.0614372692331613,1.198241567665771,0.6932375548548088,-0.15813265444547037,0.6004006342703817,-0.19845721065124847
-0.23316773800837678,0.9421187940032042,-1.2253034851287368,-0.12475811271621093,-0.15813265444547037,-0.4465045820993239,-1.5132991251195922
1.3939595073141489,0.9421187940032042,1.198241567665771,-0.5921842084710793,-0.45146963829598613,-0.8345815157536114,-1.5705199497274498
1.5973504129794645,0.9421187940032042,1.198241567665771,-1.1764668281646646,-0.30480114637072825,-1.231683494376603,-0.901939788519847
-1.2501222663349552,0.9421187940032042,1.198241567665771,0.1673831971305818,-0.0114641625202125,0.4289247798649989,1.139923615900807
-1.453513172000271,-1.0614372692331613,-0.01353095873148291,0.05052667319186471,0.7218782971060769,-0.15770314310078445,-0.8729394097324229
0.1736140733222546,-1.0614372692331613,-1.2253034851287368,-1.0011820422565891,-1.1848120979222756,-1.0963078198460376,-1.0375259750584513
-1.2501222663349552,-1.0614372692331613,1.198241567665771,1.2190919125790356,-0.8914751140717597,1.7465813452958352,1.6984275094191514
1.292264054481491,0.9421187940032042,-1.2253034851287368,-1.9944624957356845,0.13520432940504537,-1.8273364623110908,3.1415415966980955
1.80074131864478,-1.0614372692331613,1.198241567665771,-0.9427537802872306,-0.5981381302212441,-0.8345815157536114,0.5678930742464757
0.3770049789875703,0.9421187940032042,-1.2253034851287368,-1.2933233521033818,-0.45146963829598613,-1.1955833145017858,0.5115240515394628
-0.43655864367369246,-1.0614372692331613,-0.01353095873148291,0.22581145909994035,-0.744806622146502,0.049872891179415804,-0.6514381777314697
-1.0467313606696396,0.9421187940032042,1.198241567665771,-1.0011820422565891,0.13520432940504537,-0.9880072802215855,-0.17881346031395576
-0.23316773800837678,0.9421187940032042,-0.01353095873148291,0.05052667319186471,-0.45146963829598613,-0.031352513538923425,-0.3219322127713717
-1.2501222663349552,-1.0614372692331613,-0.01353095873148291,-0.12475811271621093,-0.8914751140717597,-0.17575323303819315,-0.2368345761750697
1.3939595073141489,-1.0614372692331613,1.198241567665771,0.8100940787935258,-0.744806622146502,0.41087468992759013,-1.1833450813358195
-1.453513172000271,-1.0614372692331613,-0.01353095873148291,-0.5337559465017208,1.89522623250814,-0.5187049418489588,-0.007070957365056075
1.190568601648833,0.9421187940032042,-0.01353095873148291,0.7516658168241672,-0.5981381302212441,0.7267512638322426,0.04136923577437688
1.5973504129794645,0.9421187940032042,-0.01353095873148291,-0.9427537802872306,0.2818728213303033,-1.0963078198460376,-1.4171017967933386
0.6820913374855438,-1.0614372692331613,-0.01353095873148291,0.10895493516122326,0.575209805180819,-0.09452782831985393,-0.8211024957326037
-1.453513172000271,-1.0614372692331613,-0.01353095873148291,0.8685223407628844,2.7752371840596872,0.6184507242077903,-0.6717780521117221
-1.0467313606696396,-1.0614372692331613,-0.01353095873148291,0.2842397210692989,-0.0114641625202125,0.16719847577257246,-0.39349158900008036
-0.5382540965063504,0.9421187940032042,-1.2253034851287368,-1.0011820422565891,0.2818728213303033,-0.7533561110352721,1.6817303216324513
-0.8433404550043239,-1.0614372692331613,-1.2253034851287368,-0.8258972563485134,-0.45146963829598613,-0.951907100346768,-1.0775992257465292
-1.6569040776655866,-1.0614372692331613,-1.2253034851287368,-0.6506124704404378,-0.15813265444547037,-0.6360305264421154,-0.040806091872875455
1.190568601648833,-1.0614372692331613,-0.01353095873148291,-0.767468994379155,-1.3314805898475335,-0.8075063808474983,-0.44303269561995406
-0.13147228517571893,0.9421187940032042,-1.2253034851287368,0.8100940787935258,-1.0381436059970177,0.5282002745207468,-0.7971944850827909
-0.23316773800837678,0.9421187940032042,-1.2253034851287368,-1.0011820422565891,-0.5981381302212441,-0.9789822352528811,-0.10725408408524709
-0.9450359078369818,-1.0614372692331613,-0.01353095873148291,0.2842397210692989,-0.0114641625202125,0.9433523430811473,2.683561588834366
0.5803958846528859,0.9421187940032042,1.198241567665771,-0.7090407324097964,-0.30480114637072825,-0.7894562909100895,-0.6717780521117221
1.3939595073141489,0.9421187940032042,-1.2253034851287368,1.8033745322726211,-0.8914751140717597,1.8007316151080615,0.1953398496818602
0.9871776959835173,-1.0614372692331613,-1.2253034851287368,0.401096245008016,0.575209805180819,0.23939883552220734,-0.5272765097754899
-0.8433404550043239,-1.0614372692331613,-1.2253034851287368,-1.1180385661953063,-0.744806622146502,-0.9338570104093593,1.252374064260205
1.5973504129794645,-1.0614372692331613,1.198241567665771,-0.12475811271621093,-0.5981381302212441,-0.049402603476332144,0.35884887999903986
1.5973504129794645,0.9421187940032042,1.198241567665771,-1.4686081380114575,0.42854131325556116,-1.529509978343847,-1.4464366963653552
0.3770049789875703,-1.0614372692331613,-1.2253034851287368,-1.7607494478582502,-0.8914751140717597,-1.7100108777179341,-0.3219322127713717
-1.2501222663349552,0.9421187940032042,-1.2253034851287368,-0.30004289862428657,-0.30480114637072825,-0.17575323303819315,0.6041303031295553
-1.5552086248329289,0.9421187940032042,-0.01353095873148291,0.6932375548548088,1.748557740582882,0.7538263987383558,0.326311548359278
0.6820913374855438,-1.0614372692331613,-0.01353095873148291,-0.30004289862428657,-0.15813265444547037,-0.48260476197414137,-0.9701759739020214
-0.23316773800837678,0.9421187940032042,-1.2253034851287368,0.10895493516122326,0.2818728213303033,-0.13062800819467138,-0.9746933520283674
1.0888731488161751,-1.0614372692331613,-1.2253034851287368,-0.06632985074685238,-0.744806622146502,-0.0584276484450365,0.05092980020979061
-0.13147228517571893,0.9421187940032042,-0.01353095873148291,0.517952768946733,-1.0381436059970177,0.6816260389887209,0.6948072578115211
-0.8433404550043239,-1.0614372692331613,-0.01353095873148291,-0.30004289862428657,-0.30480114637072825,-0.5367550317863675,-1.2479947286722985
1.5973504129794645,0.9421187940032042,1.198241567665771,0.5763810309160916,-0.0114641625202125,0.6996761289261296,0.5455426745725582
-0.13147228517571893,0.9421187940032042,-1.2253034851287368,-0.884325518317872,-1.0381436059970177,-0.7714062009726809,0.5964131154970476
0.3770049789875703,0.9421187940032042,1.198241567665771,0.10895493516122326,-0.5981381302212441,0.06792298111682452,-0.12994364240166703
0.9871776959835173,0.9421187940032042,-0.01353095873148291,0.2842397210692989,-0.744806622146502,0.29354910533443346,0.10742404460087611
1.5973504129794645,-1.0614372692331613,-1.2253034851287368,0.05052667319186471,-0.15813265444547037,0.2213487455847986,0.7800821811507322
-0.7416450021716661,0.9421187940032042,1.198241567665771,0.401096245008016,1.1618837728818505,0.5462503644581556,0.6363411732478489
0.3770049789875703,-1.0614372692331613,-1.2253034851287368,-0.4753276845323622,-0.30480114637072825,-0.5187049418489588,-0.3219322127713717
-1.1484268135022975,-1.0614372692331613,-0.01353095873148291,0.05052667319186471,-0.45146963829598613,0.16719847577257246,0.5439362395959951
-1.453513172000271,0.9421187940032042,-1.2253034851287368,-2.16974728164376,1.89522623250814,-2.034912496591291,4.400986618323358
-0.13147228517571893,0.9421187940032042,1.198241567665771,0.7516658168241672,-1.0381436059970177,0.8801770283002168,0.5560462878808549
1.190568601648833,-1.0614372692331613,-0.01353095873148291,0.4595245069773745,-0.45146963829598613,0.4379498248337032,0.013026569575771718
-1.5552086248329289,0.9421187940032042,1.198241567665771,-1.9944624957356845,1.748557740582882,-1.8814867321233169,1.252374064260205
1.190568601648833,-1.0614372692331613,-0.01353095873148291,-0.007901588777493833,0.42854131325556116,-0.2930788176313498,-1.2503692479438395
-1.2501222663349552,-1.0614372692331613,1.198241567665771,0.05052667319186471,-0.744806622146502,-0.11257791825726265,-0.6761511251034759
0.3770049789875703,-1.0614372692331613,-1.2253034851287368,0.5763810309160916,-0.45146963829598613,0.835051803456695,1.0274731675414077
1.190568601648833,-1.0614372692331613,-1.2253034851287368,-0.5921842084710793,-0.30480114637072825,-0.8345815157536114,-1.5705199497274498
-0.13147228517571893,-1.0614372692331613,-0.01353095873148291,0.22581145909994035,-0.5981381302212441,0.23939883552220734,0.11740907384209094
-1.2501222663349552,0.9421187940032042,1.198241567665771,-0.18318637468556948,-0.30480114637072825,-0.13062800819467138,0.24656727615669702
-1.1484268135022975,-1.0614372692331613,-1.2253034851287368,-0.767468994379155,-0.15813265444547037,-0.825556470784907,-0.5641331784685378
0.9871776959835173,-1.0614372692331613,-0.01353095873148291,0.401096245008016,0.575209805180819,0.2213487455847986,-0.5957246087768631
0.7837867903182016,-1.0614372692331613,-1.2253034851287368,0.05052667319186471,-0.8914751140717597,0.05889793614812016,0.07164435648652248
0.07191862048959675,-1.0614372692331613,-0.01353095873148291,-0.41689942256300366,-0.30480114637072825,-0.24795359278782803,0.8587974950023107
0.1736140733222546,0.9421187940032042,1.198241567665771,-0.7090407324097964,-1.1848120979222756,-0.7804312459413852,-0.6134704122216635
0.47870043182022814,-1.0614372692331613,-1.2253034851287368,0.2842397210692989,-0.5981381302212441,0.6545509040826079,1.5386115691750368
0.5803958846528859,0.9421187940032042,1.198241567665771,0.4595245069773745,-0.45146963829598613,0.582350544332973,0.5489606213312028
1.0888731488161751,-1.0614372692331613,1.198241567665771,1.1022353886403184,-0.744806622146502,0.9884775679246691,-0.1862161544065805
0.07191862048959675,0.9421187940032042,-0.01353095873148291,0.3426679830386574,0.13520432940504537,0.4469748698024076,0.4827132177114341
1.292264054481491,-1.0614372692331613,1.198241567665771,2.6797984618129993,0.2818728213303033,3.3440143047565067,1.6042778203025574
-1.453513172000271,-1.0614372692331613,-0.01353095873148291,-0.5337559465017208,0.8685467890313348,-0.4284544921619152,0.517697801645469
1.5973504129794645,0.9421187940032042,-0.01353095873148291,-0.06632985074685238,-0.15813265444547037,-0.09452782831985393,-0.11478665000405867
0.3770049789875703,0.9421187940032042,-0.01353095873148291,0.10895493516122326,-0.0114641625202125,-0.10355287328855829,-0.8595002098065446
0.5803958846528859,0.9421187940032042,1.198241567665771,-0.18318637468556948,-0.744806622146502,-0.3562541324122803,-0.8467009717818967
1.5973504129794645,0.9421187940032042,-0.01353095873148291,-0.4753276845323622,0.13520432940504537,-0.5548051217237763,-0.5250685065818975
-0.6399495493390082,0.9421187940032042,-1.2253034851287368,0.7516658168241672,-0.30480114637072825,1.2050786471735737,1.6459506335180991
-0.5382540965063504,0.9421187940032042,-0.01353095873148291,1.45280496045647,-1.1848120979222756,1.2502038720170956,-0.37112928392860844
-0.13147228517571893,0.9421187940032042,1.198241567665771,0.401096245008016,-1.0381436059970177,0.39282459999018143,0.05453233173617882
-1.453513172000271,0.9421187940032042,-0.01353095873148291,-0.884325518317872,1.89522623250814,-0.7894562909100895,0.46522092574441665
-0.029776832343061093,-1.0614372692331613,-0.01353095873148291,0.9853788647016014,-0.15813265444547037,0.7809015336444688,-0.49060788531046856
-0.8433404550043239,-1.0614372692331613,-0.01353095873148291,0.22581145909994035,-0.15813265444547037,0.1852485657099812,-0.10226156946463967
-1.2501222663349552,-1.0614372692331613,-0.01353095873148291,0.9853788647016014,-0.744806622146502,1.0787280176117127,0.4371083136545664
-1.5552086248329289,0.9421187940032042,-0.01353095873148291,-1.8191777098276087,1.3085522648071084,-1.7100108777179341,0.8587974950023107
0.3770049789875703,0.9421187940032042,1.198241567665771,1.3359484365177527,-0.45146963829598613,1.764631435233244,1.3793342478917843
-1.453513172000271,0.9421187940032042,-0.01353095873148291,0.3426679830386574,1.89522623250814,0.5011251396146338,0.6926207213156449
1.292264054481491,0.9421187940032042,1.198241567665771,0.6348092928854502,0.13520432940504537,0.9162772081750342,1.0949434365570478
0.3770049789875703,-1.0614372692331613,-1.2253034851287368,-0.9427537802872306,-0.5981381302212441,-0.9338570104093593,-0.18503601476862527
-1.2501222663349552,-1.0614372692331613,-1.2253034851287368,-0.5921842084710793,-0.8914751140717597,-0.5638301666924805,0.058072750650043074
0.07191862048959675,0.9421187940032042,-1.2253034851287368,1.1022353886403184,-0.15813265444547037,1.2953290968606173,0.736653042473999
0.7837867903182016,-1.0614372692331613,-0.01353095873148291,0.6348092928854502,-0.744806622146502,0.28452406036572914,-1.10908535128716
-0.7416450021716661,0.9421187940032042,-0.01353095873148291,0.10895493516122326,1.6018892486576242,0.049872891179415804,-0.2067390705495489
-1.351817719167613,0.9421187940032042,1.198241567665771,-1.9360342337663259,1.748557740582882,-1.8995368220607256,-1.10908535128716
-0.5382540965063504,0.9421187940032042,1.198241567665771,-1.0011820422565891,0.42854131325556116,-0.9338570104093593,0.250542797058292
-1.453513172000271,-1.0614372692331613,-1.2253034851287368,-2.16974728164376,1.89522623250814,-2.107112856340926,-1.8962384898029483
-0.8433404550043239,-1.0614372692331613,1.198241567665771,1.2775201745483942,-0.0114641625202125,0.934327298112443,-0.8122899056172721
1.80074131864478,-1.0614372692331613,-1.2253034851287368,-0.24161463665492802,-0.8914751140717597,-0.07647773838244522,0.8025722708226118
0.47870043182022814,-1.0614372692331613,-1.2253034851287368,1.1022353886403184,0.42854131325556116,1.367529456610252,0.9537987358576652
0.3770049789875703,-1.0614372692331613,1.198241567665771,0.9853788647016014,0.42854131325556116,1.2231287371109825,0.886910107092161
1.292264054481491,0.9421187940032042,-0.01353095873148291,0.10895493516122326,0.13520432940504537,0.3386743301779553,1.0219877798165593
-1.1484268135022975,0.9421187940032042,-0.01353095873148291,-0.9427537802872306,0.8685467890313348,-0.9970323251902898,-0.6641727077782362
0.8854822431508595,-1.0614372692331613,-1.2253034851287368,0.7516658168241672,-0.744806622146502,0.7989516235818775,0.28357020147154305
-1.351817719167613,0.9421187940032042,-1.2253034851287368,-1.9360342337663259,5.121933054863814,-1.7731861924988646,2.5642959617865184
1.5973504129794645,0.9421187940032042,1.198241567665771,-0.30004289862428657,-0.5981381302212441,-0.2569786377565324,0.187402170974138
-1.2501222663349552,0.9421187940032042,-0.01353095873148291,-0.18318637468556948,-0.30480114637072825,0.049872891179415804,1.1211818745075741
-0.6399495493390082,0.9421187940032042,-0.01353095873148291,-0.24161463665492802,0.575209805180819,-0.43747953713061954,-0.996634902927762
0.9871776959835173,-1.0614372692331613,1.198241567665771,1.5112332224258282,-0.45146963829598613,1.3855795465476608,-0.15239153678335635
1.5973504129794645,0.9421187940032042,-0.01353095873148291,-0.18318637468556948,-0.5981381302212441,-0.2569786377565324,-0.3656629426889153
-0.7416450021716661,0.9421187940032042,-1.2253034851287368,-0.12475811271621093,1.6018892486576242,-0.09452782831985393,0.14610478850828634
0.3770049789875703,0.9421187940032042,-1.2253034851287368,-0.6506124704404378,-1.1848120979222756,-0.5277299868176631,0.6338965982835135
0.3770049789875703,0.9421187940032042,-1.2253034851287368,0.05052667319186471,-0.45146963829598613,-0.10355287328855829,-0.6367934681776872
-0.8433404550043239,-1.0614372692331613,1.198241567665771,-0.5337559465017208,-0.30480114637072825,-0.6179804365047067,-0.5843165922766349
-0.13147228517571893,0.9421187940032042,1.198241567665771,-0.8258972563485134,-1.0381436059970177,-0.6721307063169328,0.8745405577726262
-1.453513172000271,-1.0614372692331613,1.198241567665771,-0.4753276845323622,0.8685467890313348,-0.5457800767550719,-0.47428443312926605
-0.6399495493390082,-1.0614372692331613,-1.2253034851287368,-1.0596103042259477,-0.45146963829598613,-1.0602076399712204,-0.3219322127713717
-0.029776832343061093,-1.0614372692331613,1.198241567665771,1.8618027942419797,-0.30480114637072825,1.6112056707652698,-0.41062552415343223
-1.453513172000271,0.9421187940032042,-0.01353095873148291,-0.007901588777493833,3.215242659835461,-0.17575323303819315,-0.7256004889333143
1.80074131864478,-1.0614372692331613,-1.2253034851287368,0.4595245069773745,-0.744806622146502,0.4198997348962945,-0.05396518689365612
0.3770049789875703,0.9421187940032042,-1.2253034851287368,0.517952768946733,-0.5981381302212441,0.37477451005277274,-0.4203263550858452
-0.6399495493390082,0.9421187940032042,-0.01353095873148291,-0.007901588777493833,0.2818728213303033,-0.022327468570219066,-0.03936441945801138
0.5803958846528859,0.9421187940032042,1.198241567665771,0.8685223407628844,0.13520432940504537,1.3043541418293216,1.5439122637104967
0.07191862048959675,-1.0614372692331613,-1.2253034851287368,0.9853788647016014,0.2818728213303033,1.1689784672987562,0.7182344345530627
0.3770049789875703,-1.0614372692331613,1.198241567665771,-0.30004289862428657,-0.5981381302212441,-0.10355287328855829,0.9745553094899263
0.07191862048959675,0.9421187940032042,1.198241567665771,0.517952768946733,-0.15813265444547037,0.28452406036572914,-0.7483068294674232
1.5973504129794645,0.9421187940032042,-1.2253034851287368,-1.1180385661953063,0.13520432940504537,-1.0692326849399247,0.07164435648652248
0.27530952615491244,0.9421187940032042,1.198241567665771,-0.884325518317872,-1.1848120979222756,-0.825556470784907,0.2028365462391534
-0.23316773800837678,0.9421187940032042,-0.01353095873148291,0.401096245008016,0.575209805180819,0.29354910533443346,-0.3219322127713717
-0.6399495493390082,-1.0614372692331613,-1.2253034851287368,0.4595245069773745,0.13520432940504537,0.47405000470852066,0.14701008251463019
-0.3348631908410346,-1.0614372692331613,-1.2253034851287368,0.5763810309160916,-0.8914751140717597,0.5011251396146338,-0.16128871511508852
-1.453513172000271,-1.0614372692331613,1.198241567665771,0.1673831971305818,2.7752371840596872,0.4018496449588858,1.0274731675414077
0.27530952615491244,0.9421187940032042,1.198241567665771,-1.0011820422565891,-0.15813265444547037,-1.1865582695330814,-1.7531197373455323
1.292264054481491,0.9421187940032042,-1.2253034851287368,-0.884325518317872,-0.45146963829598613,-0.7353060210978634,0.8587974950023107
1.3939595073141489,0.9421187940032042,-1.2253034851287368,0.8100940787935258,-0.15813265444547037,0.47405000470852066,-0.9754178371995739
-1.5552086248329289,0.9421187940032042,1.198241567665771,0.5763810309160916,2.1885632163586557,0.5733254993642686,0.0957408811349651
-0.8433404550043239,-1.0614372692331613,-0.01353095873148291,0.9269506027322428,-0.0114641625202125,0.4379498248337032,-1.409634731447733
-0.8433404550043239,0.9421187940032042,1.198241567665771,0.517952768946733,-0.45146963829598613,0.48307504967722503,-0.026749785827951063
-1.2501222663349552,-1.0614372692331613,1.198241567665771,-1.5854646619501744,-0.744806622146502,-1.502434843437734,0.33402873599178573
-0.6399495493390082,0.9421187940032042,-1.2253034851287368,-0.18318637468556948,-0.0114641625202125,-0.3382040424748716,-0.7592395119468095
-0.23316773800837678,0.9421187940032042,1.198241567665771,-0.41689942256300366,-0.5981381302212441,-0.2840537726626455,0.6620092103733637
-0.6399495493390082,0.9421187940032042,1.198241567665771,1.7449462703032625,-0.15813265444547037,1.9000071097638094,0.5907091072469335
-0.13147228517571893,0.9421187940032042,-0.01353095873148291,0.10895493516122326,-1.0381436059970177,0.1852485657099812,0.369226640559565
-1.1484268135022975,-1.0614372692331613,1.198241567665771,1.0438071266709599,0.575209805180819,0.8621269383628081,-0.4047904378782963
-1.351817719167613,0.9421187940032042,-1.2253034851287368,-2.2281755436131183,2.7752371840596872,-2.125162946278335,2.8266803412917816
0.3770049789875703,-1.0614372692331613,-0.01353095873148291,0.7516658168241672,0.7218782971060769,0.1762235207412768,-1.8054131276665102
-0.8433404550043239,-1.0614372692331613,1.198241567665771,0.05052667319186471,-0.744806622146502,0.031822801242007086,-0.04642861429084605
0.7837867903182016,-1.0614372692331613,-0.01353095873148291,-0.007901588777493833,-1.1848120979222756,0.022797756273302727,0.16246971862296067
-0.13147228517571893,-1.0614372692331613,1.198241567665771,-0.18318637468556948,-0.5981381302212441,-0.09452782831985393,0.42149019582687297
-0.5382540965063504,0.9421187940032042,1.198241567665771,0.9269506027322428,-1.0381436059970177,1.1419033323926433,0.8230178068879586
1.3939595073141489,0.9421187940032042,1.198241567665771,1.5112332224258282,-0.15813265444547037,1.1599534223300518,-0.7578939510262697
-0.029776832343061093,-1.0614372692331613,-0.01353095873148291,0.3426679830386574,-0.744806622146502,0.11304820596034632,-0.8117163878478618
0.8854822431508595,-1.0614372692331613,-0.01353095873148291,0.517952768946733,0.13520432940504537,0.7267512638322426,0.8587974950023107
1.5973504129794645,0.9421187940032042,-1.2253034851287368,-0.06632985074685238,-0.0114641625202125,-0.022327468570219066,0.2166462504236413
0.3770049789875703,-1.0614372692331613,1.198241567665771,-1.0596103042259477,-0.30480114637072825,-0.9880072802215855,0.27780351181208673
-1.1484268135022975,-1.0614372692331613,1.198241567665771,-1.1180385661953063,0.13520432940504537,-1.1685081795956727,-0.7942240958808444
-0.8433404550043239,-1.0614372692331613,1.198241567665771,2.037087580150055,0.42854131325556116,1.5751054908904525,-0.8750668506473317
0.6820913374855438,-1.0614372692331613,-1.2253034851287368,-2.16974728164376,-0.45146963829598613,-2.0710126764661085,1.252374064260205
-1.5552086248329289,0.9421187940032042,1.198241567665771,-0.06632985074685238,1.1618837728818505,0.031822801242007086,0.46522092574441665
1.5973504129794645,0.9421187940032042,-0.01353095873148291,0.2842397210692989,-0.0114641625202125,0.19427361067868554,-0.28615252465701807
1.5973504129794645,0.9421187940032042,-0.01353095873148291,-0.8258972563485134,0.42854131325556116,-0.951907100346768,-1.0775992257465292
0.3770049789875703,0.9421187940032042,-0.01353095873148291,1.5112332224258282,-0.30480114637072825,1.4758299962347046,0.08980942891380983
0.1736140733222546,-1.0614372692331613,-0.01353095873148291,0.7516658168241672,-1.0381436059970177,0.7267512638322426,0.04136923577437688
-0.6399495493390082,-1.0614372692331613,-1.2253034851287368,-0.4753276845323622,-0.5981381302212441,-0.5277299868176631,-0.37271628622400316
0.7837867903182016,-1.0614372692331613,-1.2253034851287368,0.05052667319186471,-0.8914751140717597,-0.31112890756875855,-1.542019577470844
0.6820913374855438,-1.0614372692331613,1.198241567665771,0.517952768946733,-0.744806622146502,0.48307504967722503,-0.026749785827951063
1.80074131864478,-1.0614372692331613,-1.2253034851287368,-0.5921842084710793,-0.744806622146502,-0.5187049418489588,0.3295048673796254
2.0041322243100956,0.9421187940032042,1.198241567665771,1.2190919125790356,-0.0114641625202125,1.2863040518919129,0.3602671739423119
2.0041322243100956,-1.0614372692331613,-1.2253034851287368,-0.18318637468556948,-1.0381436059970177,0.09499811602293759,1.3398355240952922
0.3770049789875703,0.9421187940032042,1.198241567665771,-0.8258972563485134,-0.45146963829598613,-1.0602076399712204,-1.8332662387216851
1.5973504129794645,0.9421187940032042,-0.01353095873148291,-0.5337559465017208,0.13520432940504537,-0.6631056613482286,-0.8467009717818967
-0.6399495493390082,0.9421187940032042,-0.01353095873148291,0.517952768946733,-0.30480114637072825,0.6635759490513122,0.6292111629352063
0.9871776959835173,0.9421187940032042,-0.01353095873148291,0.517952768946733,-0.30480114637072825,0.6274757691764947,0.498018973182574
1.5973504129794645,0.9421187940032042,-1.2253034851287368,-0.6506124704404378,-0.30480114637072825,-0.6901807962543416,-0.3781574369510706
0.7837867903182016,-1.0614372692331613,1.198241567665771,0.1673831971305818,-1.1848120979222756,0.16719847577257246,0.05290261509328949
-1.351817719167613,0.9421187940032042,-1.2253034851287368,-2.1113190196744016,5.121933054863814,-1.9536870918729519,4.400986618323358
0.3770049789875703,0.9421187940032042,-0.01353095873148291,-0.4753276845323622,-0.45146963829598613,-0.4916298069428457,-0.1695799924134773
-0.13147228517571893,0.9421187940032042,-0.01353095873148291,-0.007901588777493833,-1.0381436059970177,0.12207325092905066,0.606504822401096
0.7837867903182016,-1.0614372692331613,1.198241567665771,-0.18318637468556948,-0.744806622146502,-0.18477827800689753,-0.0158171033485648
0.3770049789875703,0.9421187940032042,-1.2253034851287368,0.8685223407628844,-0.30480114637072825,0.4289247798649989,-1.2840082709573346
-0.3348631908410346,-1.0614372692331613,-1.2253034851287368,0.8685223407628844,-0.8914751140717597,0.7267512638322426,-0.3219322127713717
-1.453513172000271,-1.0614372692331613,1.198241567665771,0.22581145909994035,2.6285686921344293,-0.10355287328855829,-1.273838333767209
-1.1484268135022975,-1.0614372692331613,-1.2253034851287368,0.517952768946733,-0.45146963829598613,0.4198997348962945,-0.2563361178950555
0.27530952615491244,0.9421187940032042,-1.2253034851287368,-1.1764668281646646,-1.0381436059970177,-1.3760842138758729,-2.227671390230647
-1.453513172000271,-1.0614372692331613,-0.01353095873148291,-0.5921842084710793,1.0152152809565926,-0.48260476197414137,0.5466505607632917
-0.6399495493390082,-1.0614372692331613,1.198241567665771,-0.41689942256300366,-0.30480114637072825,-0.473579717005437,-0.37112928392860844
1.5973504129794645,0.9421187940032042,1.198241567665771,-1.0596103042259477,-0.5981381302212441,-1.1594831346269683,-1.146568834073626
-0.6399495493390082,-1.0614372692331613,-0.01353095873148291,0.22581145909994035,0.13520432940504537,0.022797756273302727,-0.7612734993848342
-1.5552086248329289,0.9421187940032042,-1.2253034851287368,-2.16974728164376,2.1885632163586557,-2.034912496591291,4.400986618323358
-0.6399495493390082,0.9421187940032042,1.198241567665771,1.8618027942419797,-0.45146963829598613,1.4848550412034087,-0.7210521139906441
0.5803958846528859,0.9421187940032042,1.198241567665771,-0.30004289862428657,-0.5981381302212441,0.049872891179415804,1.7617084480057146
0.3770049789875703,0.9421187940032042,1.198241567665771,1.160663650609677,-0.5981381302212441,1.0065276578620779,-0.2952490555335484
-1.351817719167613,0.9421187940032042,-0.01353095873148291,0.1673831971305818,3.6552481356112345,0.30257415030313783,0.6151548568902805
-0.6399495493390082,0.9421187940032042,-0.01353095873148291,1.0438071266709599,-0.5981381302212441,1.4036296364850696,1.252374064260205
0.3770049789875703,0.9421187940032042,-1.2253034851287368,-1.0596103042259477,-0.5981381302212441,-1.1594831346269683,-1.146568834073626
0.9871776959835173,0.9421187940032042,-1.2253034851287368,0.401096245008016,-0.30480114637072825,0.2664739704283204,-0.42460436127343076
-0.3348631908410346,-1.0614372692331613,1.198241567665771,2.037087580150055,-0.8914751140717597,1.8819570198264006,-0.15173693957876913
-0.8433404550043239,0.9421187940032042,-0.01353095873148291,0.401096245008016,-0.5981381302212441,0.39282459999018143,0.05453233173617882
-1.0467313606696396,0.9421187940032042,1.198241567665771,0.8685223407628844,0.13520432940504537,1.3765545015789564,1.77714282327073
-0.8433404550043239,-1.0614372692331613,-1.2253034851287368,0.517952768946733,0.42854131325556116,0.25744892545961606,-0.8467009717818967
-1.0467313606696396,0.9421187940032042,1.198241567665771,-0.884325518317872,0.2818728213303033,-0.9338570104093593,-0.5843165922766349
1.3939595073141489,-1.0614372692331613,-0.01353095873148291,0.10895493516122326,-0.744806622146502,0.031822801242007086,-0.28353449869743075
0.5803958846528859,0.9421187940032042,-1.2253034851287368,0.6348092928854502,-0.15813265444547037,0.6184507242077903,0.05590129371620704
-0.23316773800837678,0.9421187940032042,-0.01353095873148291,0.1673831971305818,0.13520432940504537,0.07694802608552888,-0.3219322127713717
-0.13147228517571893,0.9421187940032042,-0.01353095873148291,0.05052667319186471,-1.0381436059970177,0.05889793614812016,0.07164435648652248
-1.453513172000271,-1.0614372692331613,-0.01353095873148291,0.401096245008016,1.748557740582882,0.2213487455847986,-0.5957246087768631
-1.2501222663349552,0.9421187940032042,-1.2253034851287368,0.3426679830386574,-0.5981381302212441,0.34769937514665966,0.09788279443704866
0.3770049789875703,-1.0614372692331613,1.198241567665771,0.6932375548548088,-0.45146963829598613,0.5643004543955642,-0.3219322127713717
-0.3348631908410346,-1.0614372692331613,-0.01353095873148291,0.05052667319186471,-0.8914751140717597,-0.3201539525374629,-1.5813772343966326
0.07191862048959675,-1.0614372692331613,1.198241567665771,2.855083247721075,0.2818728213303033,2.9288622361961063,0.393661549515708
0.5803958846528859,0.9421187940032042,-0.01353095873148291,-0.06632985074685238,-0.5981381302212441,0.022797756273302727,0.4237918131909543
1.3939595073141489,0.9421187940032042,-0.01353095873148291,0.3426679830386574,0.13520432940504537,0.39282459999018143,0.2728057141072246
-0.23316773800837678,0.9421187940032042,-0.01353095873148291,0.10895493516122326,0.7218782971060769,0.11304820596034632,0.06204492796803899
0.3770049789875703,0.9421187940032042,-1.2253034851287368,0.8100940787935258,-1.1848120979222756,0.5282002745207468,-0.7971944850827909
-0.5382540965063504,0.9421187940032042,-0.01353095873148291,0.517952768946733,-0.8914751140717597,0.5191752295520424,0.10444240392467985
-0.7416450021716661,0.9421187940032042,-0.01353095873148291,0.6932375548548088,1.4552207567323663,0.6184507242077903,-0.13671970959118684
-0.8433404550043239,-1.0614372692331613,1.198241567665771,-0.3584711605936451,-1.3314805898475335,-0.20282836794430623,0.7753115560688185
-0.5382540965063504,0.9421187940032042,-0.01353095873148291,-0.18318637468556948,0.42854131325556116,-0.12160296322596702,0.29029800607424205
-0.13147228517571893,-1.0614372692331613,-0.01353095873148291,-0.12475811271621093,-0.8914751140717597,-0.3743042223496891,-1.1729085787343858
1.5973504129794645,0.9421187940032042,-1.2253034851287368,-1.9944624957356845,1.1618837728818505,-1.854411597217204,2.19695783047915
-0.029776832343061093,-1.0614372692331613,1.198241567665771,2.6797984618129993,-0.8914751140717597,3.0913130456327846,1.0856828113980386
0.6820913374855438,-1.0614372692331613,-0.01353095873148291,-0.24161463665492802,-0.0114641625202125,-0.3562541324122803,-0.5918132888339281
0.07191862048959675,0.9421187940032042,-0.01353095873148291,-2.2281755436131183,-0.0114641625202125,-2.1522380811844477,-1.8962384898029483
-0.6399495493390082,0.9421187940032042,-0.01353095873148291,0.22581145909994035,-0.30480114637072825,0.29354910533443346,0.33707971714882434
0.07191862048959675,-1.0614372692331613,-0.01353095873148291,0.10895493516122326,0.13520432940504537,-0.07647773838244522,-0.7443070675847219
-0.3348631908410346,-1.0614372692331613,-0.01353095873148291,0.2842397210692989,-1.0381436059970177,0.2664739704283204,8.49802578138126e-05
0.07191862048959675,0.9421187940032042,1.198241567665771,1.7449462703032625,-0.15813265444547037,1.8458568399515831,0.45381290924418843
-1.453513172000271,0.9421187940032042,-0.01353095873148291,-1.1764668281646646,1.4552207567323663,-0.9970323251902898,1.252374064260205
0.07191862048959675,-1.0614372692331613,-1.2253034851287368,1.5696614843951868,0.2818728213303033,1.5029051311408175,0.012011542962598824
-0.7416450021716661,0.9421187940032042,-0.01353095873148291,-0.30004289862428657,1.89522623250814,-0.18477827800689753,0.557827177334509
-1.0467313606696396,0.9421187940032042,-1.2253034851287368,-1.410179876042099,0.7218782971060769,-1.430234483688099,-0.8467009717818967
1.292264054481491,-1.0614372692331613,-0.01353095873148291,0.401096245008016,0.2818728213303033,0.8079766685505819,1.6288386087677553
-0.3348631908410346,-1.0614372692331613,1.198241567665771,1.920231056211338,-0.5981381302212441,1.8458568399515831,0.027913626568978837
0.3770049789875703,-1.0614372692331613,-0.01353095873148291,-1.2348950901340232,-0.744806622146502,-1.0602076399712204,1.252374064260205
-0.43655864367369246,-1.0614372692331613,-0.01353095873148291,-0.41689942256300366,-1.1848120979222756,-0.22087845788171495,1.006388708474021
-0.23316773800837678,0.9421187940032042,-0.01353095873148291,0.05052667319186471,0.2818728213303033,0.022797756273302727,-0.08578627121663462
-1.453513172000271,-1.0614372692331613,-1.2253034851287368,-2.2281755436131183,1.3085522648071084,-2.161263126153152,-3.470544766834525
-1.351817719167613,0.9421187940032042,-0.01353095873148291,1.5112332224258282,2.921905675984945,1.2411788270483912,-0.5399130818988214
1.190568601648833,-1.0614372692331613,1.198241567665771,0.401096245008016,-0.45146963829598613,0.41087468992759013,0.12298043073755202
-1.453513172000271,0.9421187940032042,1.198241567665771,-0.5337559465017208,3.215242659835461,-0.6360305264421154,-0.6892703440787397
0.07191862048959675,-1.0614372692331613,-0.01353095873148291,-0.30004289862428657,-0.0114641625202125,-0.5548051217237763,-1.3406009802623924
-0.23316773800837678,0.9421187940032042,-0.01353095873148291,0.05052667319186471,-0.45146963829598613,-0.07647773838244522,-0.5187204974003188
0.7837867903182016,-1.0614372692331613,1.198241567665771,1.2190919125790356,-0.45146963829598613,0.7718764886757645,-1.1353237892376862
-0.23316773800837678,0.9421187940032042,-1.2253034851287368,-0.24161463665492802,0.575209805180819,-0.40137935725580215,-0.816714185552724
0.6820913374855438,-1.0614372692331613,1.198241567665771,-1.0596103042259477,-0.15813265444547037,-1.0331325050651072,-0.09703131605257442
-0.3348631908410346,0.9421187940032042,-0.01353095873148291,-0.3584711605936451,-0.744806622146502,-0.3923543122870978,-0.22651971113309438
-1.5552086248329289,0.9421187940032042,1.198241567665771,-0.8258972563485134,1.748557740582882,-0.5909053015985937,1.4412908175039942
0.7837867903182016,-1.0614372692331613,-1.2253034851287368,0.2842397210692989,-0.45146963829598613,0.06792298111682452,-0.7870681582579745
0.5803958846528859,0.9421187940032042,-0.01353095873148291,-0.24161463665492802,-0.744806622146502,-0.12160296322596702,0.5776713741038145
-0.8433404550043239,-1.0614372692331613,-1.2253034851287368,-0.884325518317872,-0.30480114637072825,-1.006057370158994,-1.10908535128716
0.8854822431508595,-1.0614372692331613,-0.01353095873148291,1.3359484365177527,-0.8914751140717597,1.358504411641548,0.23669259520757435
1.5973504129794645,-1.0614372692331613,1.198241567665771,0.7516658168241672,-1.0381436059970177,1.2772790069232085,1.8881515992152653
1.80074131864478,-1.0614372692331613,1.198241567665771,0.22581145909994035,-0.5981381302212441,0.25744892545961606,0.1906326216110016
0.3770049789875703,-1.0614372692331613,-0.01353095873148291,-1.2348950901340232,-0.8914751140717597,-1.0782577299086291,1.0774511445900303
1.5973504129794645,0.9421187940032042,-1.2253034851287368,-0.7090407324097964,-0.0114641625202125,-0.5457800767550719,0.9025282249198544
0.9871776959835173,-1.0614372692331613,1.198241567665771,1.160663650609677,0.575209805180819,1.1058031525178258,-0.001734325917491143
-0.3348631908410346,-1.0614372692331613,1.198241567665771,-1.0011820422565891,-1.0381436059970177,-0.9338570104093593,0.250542797058292
-0.029776832343061093,-1.0614372692331613,-0.01353095873148291,0.4595245069773745,-0.30480114637072825,0.30257415030313783,-0.48941160394494265
-1.453513172000271,0.9421187940032042,1.198241567665771,1.5112332224258282,1.89522623250814,1.1058031525178258,-0.9032145304445686
-0.23316773800837678,0.9421187940032042,-1.2253034851287368,-0.7090407324097964,-0.8914751140717597,-0.9248319654406549,-1.5463926504625978
1.5973504129794645,0.9421187940032042,1.198241567665771,-0.4753276845323622,0.13520432940504537,-0.5548051217237763,-0.5250685065818975
-0.43655864367369246,-1.0614372692331613,-1.2253034851287368,1.0438071266709599,-0.45146963829598613,0.8440768484253993,-0.46002925461624655
-1.453513172000271,0.9421187940032042,-0.01353095873148291,-0.5921842084710793,1.89522623250814,-0.7714062009726809,-1.190514986306035
-0.6399495493390082,0.9421187940032042,-0.01353095873148291,-0.007901588777493833,-0.45146963829598613,-0.13965305316337573,-0.5641331784685378
-1.351817719167613,0.9421187940032042,-0.01353095873148291,-0.06632985074685238,1.748557740582882,-0.32917899750616725,-1.1919435763940847
-0.029776832343061093,-1.0614372692331613,1.198241567665771,0.2842397210692989,-0.5981381302212441,0.356724420115364,0.3578818614013543
2.0041322243100956,-1.0614372692331613,-0.01353095873148291,1.8618027942419797,-0.0114641625202125,1.6924310754836092,-0.2110655735437953
1.80074131864478,-1.0614372692331613,-0.01353095873148291,0.6932375548548088,-0.5981381302212441,0.6726009940200165,0.04849279358899937
0.3770049789875703,0.9421187940032042,-0.01353095873148291,0.401096245008016,-0.30480114637072825,0.12207325092905066,-0.9721891532844136
-0.6399495493390082,0.9421187940032042,-1.2253034851287368,0.5763810309160916,-0.5981381302212441,1.1599534223300518,2.184106350666649
-1.351817719167613,0.9421187940032042,1.198241567665771,0.4595245069773745,2.3352317082839136,0.2664739704283204,-0.6233951168838011
-0.23316773800837678,-1.0614372692331613,-0.01353095873148291,0.3426679830386574,-0.45146963829598613,0.24842388049091169,-0.28694762883733677
-1.5552086248329289,0.9421187940032042,-1.2253034851287368,-2.1113190196744016,1.3085522648071084,-2.0168624066538823,0.7276053052496798
-0.029776832343061093,-1.0614372692331613,-1.2253034851287368,1.0438071266709599,-0.30480114637072825,0.9523773880498516,-0.12859635418854656
0.5803958846528859,0.9421187940032042,-0.01353095873148291,-0.06632985074685238,-0.744806622146502,-0.2118534129130106,-0.6533651131990702
0.5803958846528859,0.9421187940032042,-1.2253034851287368,1.2190919125790356,0.13520432940504537,1.1960536022048693,0.09788279443704866
0.5803958846528859,0.9421187940032042,1.198241567665771,1.2775201745483942,-0.15813265444547037,1.5480303559843394,0.942674468778583
0.3770049789875703,-1.0614372692331613,-0.01353095873148291,-0.5921842084710793,-0.5981381302212441,-0.5096798968802544,0.38379129072554163
0.3770049789875703,0.9421187940032042,-0.01353095873148291,0.05052667319186471,-0.45146963829598613,0.3296492852092509,1.252374064260205
-1.0467313606696396,0.9421187940032042,1.198241567665771,0.8100940787935258,-0.0114641625202125,0.735776308800947,-0.1140049686351261
0.9871776959835173,0.9421187940032042,1.198241567665771,-0.5337559465017208,0.13520432940504537,-0.2840537726626455,1.3573278160623097
-0.13147228517571893,0.9421187940032042,1.198241567665771,1.3943766984871113,-1.0381436059970177,1.2592289169857998,-0.19698727014981843
-0.23316773800837678,-1.0614372692331613,-1.2253034851287368,-0.007901588777493833,-0.8914751140717597,0.031822801242007086,0.2028365462391534
-1.0467313606696396,-1.0614372692331613,-1.2253034851287368,-0.7090407324097964,-0.0114641625202125,-0.5096798968802544,1.1357587844800876
-1.2501222663349552,-1.0614372692331613,-1.2253034851287368,-0.3584711605936451,-0.744806622146502,-0.6179804365047067,-1.4191759816115619
-0.5382540965063504,0.9421187940032042,-1.2253034851287368,-0.30004289862428657,-0.8914751140717597,-0.24795359278782803,0.2337052967691842
-0.029776832343061093,-1.0614372692331613,1.198241567665771,-0.5921842084710793,-0.8914751140717597,-0.6270054814734111,-0.3219322127713717
-1.453513172000271,0.9421187940032042,-1.2253034851287368,-2.2281755436131183,3.215242659835461,-2.125162946278335,2.8266803412917816
-1.453513172000271,-1.0614372692331613,1.198241567665771,-1.7607494478582502,1.3085522648071084,-1.7912362824362733,-1.8962384898029483
-0.3348631908410346,-1.0614372692331613,-1.2253034851287368,-0.6506124704404378,-0.5981381302212441,-0.7172559311604547,-0.546833109490169
-1.351817719167613,0.9421187940032042,1.198241567665771,-1.8776059717969673,3.6552481356112345,-1.809286372373682,-0.09703131605257442
-0.029776832343061093,-1.0614372692331613,-1.2253034851287368,0.401096245008016,-0.30480114637072825,0.356724420115364,-0.08236386626656478
-0.13147228517571893,0.9421187940032042,1.198241567665771,-1.4686081380114575,-1.0381436059970177,-1.403159348781986,0.12786958066622145
0.3770049789875703,0.9421187940032042,-1.2253034851287368,-0.767468994379155,-1.0381436059970177,-1.231683494376603,-3.2888940425616515
0.3770049789875703,-1.0614372692331613,-1.2253034851287368,0.2842397210692989,0.13520432940504537,0.32062424024054653,0.2147631089439384
1.5973504129794645,0.9421187940032042,-1.2253034851287368,-1.1764668281646646,-0.15813265444547037,-0.9970323251902898,1.252374064260205
1.5973504129794645,0.9421187940032042,1.198241567665771,-0.6506124704404378,0.13520432940504537,-0.4555296270680283,1.083698391721108
-1.1484268135022975,0.9421187940032042,-1.2253034851287368,-0.4753276845323622,0.7218782971060769,-0.7533561110352721,-1.642318122539791
-0.5382540965063504,0.9421187940032042,-1.2253034851287368,0.3426679830386574,-1.1848120979222756,0.1852485657099812,-0.5318397163755826
-0.3348631908410346,-1.0614372692331613,1.198241567665771,-0.8258972563485134,-0.5981381302212441,-0.8075063808474983,-0.0700432084463192
1.4956549601468065,0.9421187940032042,1.198241567665771,1.45280496045647,-0.15813265444547037,1.9000071097638094,1.3999652777319151
1.3939595073141489,0.9421187940032042,-1.2253034851287368,-0.12475811271621093,-0.15813265444547037,-0.13062800819467138,-0.02409048468431619
0.5803958846528859,0.9421187940032042,-1.2253034851287368,0.5763810309160916,-0.0114641625202125,0.8801770283002168,1.1881166651976922
-1.453513172000271,-1.0614372692331613,-1.2253034851287368,-2.16974728164376,2.6285686921344293,-2.0800377214348127,0.46522092574441665
-0.6399495493390082,0.9421187940032042,1.198241567665771,-0.24161463665492802,-0.5981381302212441,0.04084784621071144,1.3873146022914824
-0.6399495493390082,-1.0614372692331613,-1.2253034851287368,0.2842397210692989,-0.30480114637072825,0.2664739704283204,8.49802578138126e-05
-0.6399495493390082,-1.0614372692331613,-0.01353095873148291,-0.24161463665492802,-0.30480114637072825,-0.3652791773809847,-0.6367934681776872
1.5973504129794645,0.9421187940032042,-0.01353095873148291,-0.30004289862428657,-0.30480114637072825,-0.3382040424748716,-0.22932596118127926
1.190568601648833,-1.0614372692331613,-1.2253034851287368,0.517952768946733,0.42854131325556116,0.38379955502147706,-0.3875283076476878
-0.23316773800837678,0.9421187940032042,-0.01353095873148291,-0.30004289862428657,-0.15813265444547037,-0.1667281880694888,0.6504334289246014
-0.43655864367369246,-1.0614372692331613,-0.01353095873148291,0.517952768946733,-1.3314805898475335,0.6455258591139035,0.5636150680588902
-0.6399495493390082,0.9421187940032042,1.198241567665771,-0.3584711605936451,-0.0114641625202125,-0.40137935725580215,-0.27422596195223303
-0.13147228517571893,-1.0614372692331613,1.198241567665771,-1.4686081380114575,-0.45146963829598613,-1.5385350233125512,-1.558887144724753
-0.23316773800837678,0.9421187940032042,-0.01353095873148291,-0.4753276845323622,-0.0114641625202125,-0.5187049418489588,-0.3219322127713717
-1.1484268135022975,-1.0614372692331613,1.198241567665771,0.5763810309160916,-0.45146963829598613,0.6545509040826079,0.38489917691627507
1.5973504129794645,0.9421187940032042,1.198241567665771,-1.8776059717969673,1.1618837728818505,-1.8002613274049777,0.12786958066622145
-0.8433404550043239,-1.0614372692331613,1.198241567665771,1.9786593181806966,0.13520432940504537,1.6834060305149048,-0.494458928062504
-1.351817719167613,0.9421187940032042,1.198241567665771,-0.6506124704404378,2.4819002002091715,-0.7443310660665677,-0.7155087820292658
-0.8433404550043239,-1.0614372692331613,-0.01353095873148291,0.6348092928854502,0.42854131325556116,0.14914838583516374,-1.5813772343966326
-1.453513172000271,-1.0614372692331613,1.198241567665771,2.3876571519662066,1.89522623250814,2.0083076493882617,-0.5974358112518973
0.3770049789875703,0.9421187940032042,-0.01353095873148291,0.1673831971305818,-0.45146963829598613,0.14914838583516374,-0.022064350479642465
0.07191862048959675,0.9421187940032042,-0.01353095873148291,0.2842397210692989,-0.15813265444547037,0.049872891179415804,-0.8586275344866817
0.07191862048959675,0.9421187940032042,-0.01353095873148291,0.3426679830386574,1.0152152809565926,0.34769937514665966,0.09788279443704866
-1.453513172000271,0.9421187940032042,-0.01353095873148291,0.6932375548548088,2.041894724433398,0.39282459999018143,-0.9084384728419583
-0.8433404550043239,-1.0614372692331613,-1.2253034851287368,-0.4753276845323622,-0.30480114637072825,-0.5367550317863675,-0.4235003596766346
-0.3348631908410346,-1.0614372692331613,1.198241567665771,1.1022353886403184,-0.8914751140717597,1.2592289169857998,0.6280801957821666
0.07191862048959675,0.9421187940032042,1.198241567665771,2.6797984618129993,-0.15813265444547037,3.0100876409144455,0.9189915585358709
0.5803958846528859,0.9421187940032042,-1.2253034851287368,0.401096245008016,-0.30480114637072825,0.6816260389887209,1.1497019157581458
0.07191862048959675,-1.0614372692331613,1.198241567665771,1.3359484365177527,-0.45146963829598613,1.665355940577496,1.1000218439023106
-1.453513172000271,-1.0614372692331613,-0.01353095873148291,0.401096245008016,1.3085522648071084,0.3386743301779553,-0.15081196526793939
-0.8433404550043239,-1.0614372692331613,-1.2253034851287368,-0.41689942256300366,-1.3314805898475335,-0.3021038626000542,0.5636150680588902
-1.5552086248329289,0.9421187940032042,-0.01353095873148291,-1.0596103042259477,1.748557740582882,-1.2497335843140118,-1.8962384898029483
-0.3348631908410346,-1.0614372692331613,1.198241567665771,0.9853788647016014,-0.30480114637072825,0.8531018933941037,-0.2657069885916727
0.3770049789875703,0.9421187940032042,-0.01353095873148291,0.517952768946733,-1.1848120979222756,0.5643004543955642,0.26843264111546955
-0.7416450021716661,0.9421187940032042,-1.2253034851287368,-0.18318637468556948,1.4552207567323663,0.04084784621071144,1.0774511445900303
-1.1484268135022975,-1.0614372692331613,-0.01353095873148291,-1.410179876042099,0.42854131325556116,-1.55658511324996,-2.3160534970113686
1.80074131864478,-1.0614372692331613,-1.2253034851287368,-0.06632985074685238,-0.5981381302212441,0.13109829589775504,0.9209411638325063
-0.13147228517571893,0.9421187940032042,-0.01353095873148291,-0.18318637468556948,-1.0381436059970177,0.07694802608552888,1.252374064260205
-0.23316773800837678,0.9421187940032042,-0.01353095873148291,0.22581145909994035,-0.15813265444547037,0.1762235207412768,-0.138873343349095
0.8854822431508595,-1.0614372692331613,1.198241567665771,0.8100940787935258,-0.8914751140717597,0.9523773880498516,0.5988884398320028
-0.23316773800837678,0.9421187940032042,1.198241567665771,0.10895493516122326,0.2818728213303033,0.10402316099164195,0.023647213894096665
-0.3348631908410346,-1.0614372692331613,-1.2253034851287368,0.7516658168241672,-0.30480114637072825,0.4650249597398163,-0.8366092648778483
-0.13147228517571893,-1.0614372692331613,-0.01353095873148291,-0.7090407324097964,-0.744806622146502,-0.7443310660665677,-0.38023985266143034
0.3770049789875703,0.9421187940032042,1.198241567665771,0.3426679830386574,-1.1848120979222756,0.3386743301779553,0.06289821050301375
-0.23316773800837678,0.9421187940032042,-1.2253034851287368,0.1673831971305818,-1.0381436059970177,-0.14867809813208008,-1.259019282433024
-0.23316773800837678,0.9421187940032042,1.198241567665771,-0.8258972563485134,0.13520432940504537,-0.8887317855658375,-0.6367934681776872
2.1058276771427535,0.9421187940032042,-0.01353095873148291,0.10895493516122326,-0.15813265444547037,0.1401233408664594,0.17723807018986037
-0.13147228517571893,0.9421187940032042,1.198241567665771,-0.30004289862428657,-1.0381436059970177,-0.20282836794430623,0.46522092574441665
0.6820913374855438,-1.0614372692331613,-0.01353095873148291,-0.767468994379155,-0.5981381302212441,-0.7804312459413852,-0.26138197134708047
1.5973504129794645,0.9421187940032042,-1.2253034851287368,-0.767468994379155,-0.8914751140717597,-0.8436065607223157,-0.6852336613171203
-1.0467313606696396,0.9421187940032042,-0.01353095873148291,0.2842397210692989,-0.0114641625202125,0.5011251396146338,0.9303568712310194
2.0041322243100956,-1.0614372692331613,-1.2253034851287368,0.517952768946733,-0.5981381302212441,0.6274757691764947,0.498018973182574
0.7837867903182016,-1.0614372692331613,-0.01353095873148291,0.8685223407628844,-0.744806622146502,0.34769937514665966,-1.5463926504625978
-1.351817719167613,0.9421187940032042,-1.2253034851287368,-2.1113190196744016,5.561938530639588,-2.0168624066538823,0.7276053052496798
2.0041322243100956,0.9421187940032042,-0.01353095873148291,0.9269506027322428,-0.0114641625202125,1.0697029726430083,0.5940278029560914
2.1058276771427535,-1.0614372692331613,-0.01353095873148291,0.10895493516122326,-0.744806622146502,0.45599991477111196,1.5211580627777914
-0.8433404550043239,-1.0614372692331613,1.198241567665771,1.0438071266709599,-0.30480114637072825,1.2411788270483912,0.7552247136186543
0.07191862048959675,0.9421187940032042,1.198241567665771,0.3426679830386574,-0.8914751140717597,0.5462503644581556,0.8675436409858209
0.3770049789875703,-1.0614372692331613,-0.01353095873148291,0.2842397210692989,-0.45146963829598613,0.1401233408664594,-0.5008306533431413
0.07191862048959675,0.9421187940032042,1.198241567665771,1.8033745322726211,-0.30480114637072825,1.8819570198264006,0.39775065672877785
0.3770049789875703,-1.0614372692331613,-0.01353095873148291,-0.06632985074685238,0.42854131325556116,-0.15770314310078445,-0.4047904378782963
-0.6399495493390082,0.9421187940032042,1.198241567665771,-1.9360342337663259,-0.5981381302212441,-1.8905117770920212,-0.8467009717818967
1.292264054481491,0.9421187940032042,-1.2253034851287368,-0.6506124704404378,0.13520432940504537,-0.48260476197414137,0.9150227191820097
-0.43655864367369246,-1.0614372692331613,1.198241567665771,0.6932375548548088,-0.45146963829598613,0.5462503644581556,-0.3836697138314333
-1.5552086248329289,0.9421187940032042,-0.01353095873148291,1.5112332224258282,1.6018892486576242,1.8458568399515831,1.0828333882721897
0.5803958846528859,0.9421187940032042,1.198241567665771,-1.0596103042259477,1.3085522648071084,-1.0421575500338116,-0.17199828162550776
-0.6399495493390082,0.9421187940032042,-1.2253034851287368,0.7516658168241672,0.42854131325556116,0.735776308800947,0.07164435648652248
0.5803958846528859,0.9421187940032042,-0.01353095873148291,0.6348092928854502,0.13520432940504537,0.6816260389887209,0.2763041725006273
2.0041322243100956,-1.0614372692331613,1.198241567665771,1.3943766984871113,-1.0381436059970177,1.4668049512660002,0.37775946590932935
-0.43655864367369246,-1.0614372692331613,1.198241567665771,-0.9427537802872306,-1.1848120979222756,-0.599930346567298,2.347543648282172
1.0888731488161751,-1.0614372692331613,-0.01353095873148291,1.1022353886403184,-0.45146963829598613,0.6184507242077903,-1.2990878329978675
-0.13147228517571893,0.9421187940032042,-1.2253034851287368,0.1673831971305818,-1.0381436059970177,0.1762235207412768,0.09038609787975546
-0.8433404550043239,-1.0614372692331613,-0.01353095873148291,0.22581145909994035,-0.45146963829598613,0.07694802608552888,-0.5416028560781037
0.1736140733222546,-1.0614372692331613,1.198241567665771,-0.30004289862428657,-0.8914751140717597,-0.4284544921619152,-0.6923572191317428
-0.6399495493390082,0.9421187940032042,-1.2253034851287368,0.401096245008016,0.13520432940504537,0.5372253194894512,0.602117123747163
-0.5382540965063504,0.9421187940032042,-1.2253034851287368,-1.8191777098276087,-1.1848120979222756,-1.7009858327492298,1.0555857796312578
0.5803958846528859,0.9421187940032042,-1.2253034851287368,0.10895493516122326,-0.744806622146502,0.04084784621071144,-0.2451367846234898
-0.23316773800837678,0.9421187940032042,-1.2253034851287368,-1.0596103042259477,-0.0114641625202125,-1.2226584494078987,-1.671337593084151
0.9871776959835173,0.9421187940032042,-0.01353095873148291,0.4595245069773745,0.13520432940504537,0.5011251396146338,0.24749771721877334
1.5973504129794645,0.9421187940032042,1.198241567665771,-1.527036399980816,-0.15813265444547037,-1.4392595286568033,0.40467068432012543
-1.1484268135022975,-1.0614372692331613,1.198241567665771,-0.30004289862428657,0.575209805180819,-0.473579717005437,-0.9238728481069751
-0.6399495493390082,0.9421187940032042,-1.2253034851287368,-1.7607494478582502,-0.8914751140717597,-1.728060967655343,-0.6717780521117221
2.1058276771427535,-1.0614372692331613,-0.01353095873148291,0.8100940787935258,-0.30480114637072825,0.5913755893016773,-0.5892672409465454
-1.453513172000271,-1.0614372692331613,-1.2253034851287368,-2.2281755436131183,1.6018892486576242,-2.1432130362157435,-0.3219322127713717
0.8854822431508595,-1.0614372692331613,-1.2253034851287368,0.3426679830386574,-0.8914751140717597,0.47405000470852066,0.5876669695135388
-1.5552086248329289,0.9421187940032042,-0.01353095873148291,-0.3584711605936451,1.89522623250814,-0.347229087443576,0.012011542962598824
-0.8433404550043239,-1.0614372692331613,-0.01353095873148291,0.4595245069773745,-0.30480114637072825,0.5372253194894512,0.3814812301576304
-1.453513172000271,-1.0614372692331613,-0.01353095873148291,-0.8258972563485134,2.041894724433398,-0.7984813358787939,-0.007070957365056075
0.7837867903182016,-1.0614372692331613,-0.01353095873148291,0.2842397210692989,-0.5981381302212441,0.1852485657099812,-0.3219322127713717
0.9871776959835173,0.9421187940032042,1.198241567665771,0.3426679830386574,-0.30480114637072825,0.25744892545961606,-0.25196304490330185
1.0888731488161751,-1.0614372692331613,-0.01353095873148291,0.1673831971305818,-0.8914751140717597,0.004747666335894009,-0.6218000750631009
-0.5382540965063504,0.9421187940032042,-1.2253034851287368,0.4595245069773745,0.13520432940504537,0.6184507242077903,0.68294413427006
1.5973504129794645,0.9421187940032042,-1.2253034851287368,-1.527036399980816,-0.45146963829598613,-1.3399840340010554,1.7367759956545359
-0.43655864367369246,-1.0614372692331613,1.198241567665771,-0.4753276845323622,-1.3314805898475335,-0.41040440222450647,0.2874766686602058
-1.351817719167613,0.9421187940032042,-0.01353095873148291,-1.7607494478582502,2.6285686921344293,-1.7190359226866385,-0.4968551324415462
0.6820913374855438,-1.0614372692331613,1.198241567665771,0.5763810309160916,0.575209805180819,0.582350544332973,0.12786958066622145
-1.0467313606696396,-1.0614372692331613,-0.01353095873148291,0.3426679830386574,-0.744806622146502,0.23939883552220734,-0.3219322127713717
0.7837867903182016,-1.0614372692331613,-0.01353095873148291,0.2842397210692989,-0.8914751140717597,-0.00427737863281035,-1.0733056631728064
-1.5552086248329289,0.9421187940032042,-1.2253034851287368,-1.9944624957356845,1.748557740582882,-1.8814867321233169,1.252374064260205
1.4956549601468065,0.9421187940032042,1.198241567665771,2.7966549857517164,-0.5981381302212441,2.8386117865090625,0.3295048673796254
-0.23316773800837678,0.9421187940032042,-1.2253034851287368,0.517952768946733,0.7218782971060769,0.8801770283002168,1.4163643014509946
0.5803958846528859,0.9421187940032042,-0.01353095873148291,0.6932375548548088,-0.0114641625202125,1.087753062580417,1.468455317970422
0.07191862048959675,0.9421187940032042,-1.2253034851287368,-0.007901588777493833,-0.15813265444547037,-0.13965305316337573,-0.5641331784685378
-1.351817719167613,0.9421187940032042,-1.2253034851287368,-2.1113190196744016,2.3352317082839136,-2.034912496591291,-0.3219322127713717
-1.351817719167613,0.9421187940032042,1.198241567665771,-0.41689942256300366,2.921905675984945,-0.6089553915360024,-1.10908535128716
1.5973504129794645,-1.0614372692331613,-0.01353095873148291,-0.06632985074685238,-0.45146963829598613,0.04084784621071144,0.5066500382978789
-0.6399495493390082,-1.0614372692331613,-1.2253034851287368,-1.0011820422565891,-0.15813265444547037,-1.105332864814742,-1.10908535128716
-0.9450359078369818,-1.0614372692331613,-1.2253034851287368,0.3426679830386574,-0.0114641625202125,0.6816260389887209,1.3923123999963445
0.27530952615491244,0.9421187940032042,-0.01353095873148291,-0.12475811271621093,-1.1848120979222756,-0.24795359278782803,-0.5772251225602761
0.9871776959835173,-1.0614372692331613,1.198241567665771,1.8618027942419797,-0.30480114637072825,1.9631824245447398,0.4541342618216587
-1.2501222663349552,-1.0614372692331613,-1.2253034851287368,-1.5854646619501744,-0.744806622146502,-1.502434843437734,0.33402873599178573
-1.5552086248329289,0.9421187940032042,-0.01353095873148291,0.10895493516122326,2.1885632163586557,0.05889793614812016,-0.16834135647560797
0.8854822431508595,-1.0614372692331613,-1.2253034851287368,0.5763810309160916,-0.5981381302212441,0.7989516235818775,0.8989583694163823
1.80074131864478,-1.0614372692331613,1.198241567665771,-0.5921842084710793,-0.5981381302212441,-0.48260476197414137,0.5466505607632917
-1.453513172000271,-1.0614372692331613,-0.01353095873148291,-0.767468994379155,1.3085522648071084,-0.9067818755032462,-1.10908535128716
-1.2501222663349552,-1.0614372692331613,-1.2253034851287368,-0.6506124704404378,-0.744806622146502,-0.6360305264421154,-0.040806091872875455
-0.13147228517571893,0.9421187940032042,-1.2253034851287368,-0.30004289862428657,-1.0381436059970177,-0.2750287276939411,0.09479591938404558
-0.6399495493390082,0.9421187940032042,-0.01353095873148291,0.2842397210692989,-0.15813265444547037,0.3386743301779553,0.2863224851726471
-0.43655864367369246,-1.0614372692331613,-0.01353095873148291,0.517952768946733,-1.3314805898475335,0.1852485657099812,-1.10908535128716
-1.351817719167613,0.9421187940032042,-1.2253034851287368,-2.2281755436131183,2.921905675984945,-2.134187991247039,1.252374064260205
0.8854822431508595,-1.0614372692331613,1.198241567665771,0.5763810309160916,-0.744806622146502,0.7448013537696514,0.7061861722288414
0.8854822431508595,-1.0614372692331613,1.198241567665771,1.920231056211338,-0.744806622146502,2.017332694356966,0.4433555607856441
0.3770049789875703,0.9421187940032042,-1.2253034851287368,-0.12475811271621093,-0.5981381302212441,-0.2930788176313498,-0.7899692140510297
2.0041322243100956,-1.0614372692331613,-0.01353095873148291,0.517952768946733,-1.0381436059970177,0.7267512638322426,0.8587974950023107
0.5803958846528859,0.9421187940032042,-0.01353095873148291,0.6348092928854502,-0.15813265444547037,0.7718764886757645,0.5911654279069428
-1.0467313606696396,0.9421187940032042,-1.2253034851287368,0.8100940787935258,0.13520432940504537,1.132878287423939,1.1929662802212768
0.8854822431508595,-1.0614372692331613,-0.01353095873148291,0.4595245069773745,0.13520432940504537,0.5643004543955642,0.4819688648617736
-0.3348631908410346,-1.0614372692331613,1.198241567665771,1.2190919125790356,-0.8914751140717597,0.8079766685505819,-1.0303700374355815
0.07191862048959675,-1.0614372692331613,-1.2253034851287368,-1.2933233521033818,-0.744806622146502,-1.3580341239384641,-1.1553884770822063
-1.6569040776655866,-1.0614372692331613,-0.01353095873148291,0.401096245008016,-0.15813265444547037,0.04084784621071144,-1.2802055987905923
-0.23316773800837678,0.9421187940032042,1.198241567665771,0.401096245008016,0.7218782971060769,0.32062424024054653,-0.21926006426931258
-1.1484268135022975,-1.0614372692331613,1.198241567665771,1.2775201745483942,1.6018892486576242,0.8982271182376255,-0.9155231041111461
1.5973504129794645,0.9421187940032042,1.198241567665771,-1.1764668281646646,0.8685467890313348,-1.051182595002516,0.7552247136186543
-0.23316773800837678,-1.0614372692331613,1.198241567665771,0.4595245069773745,-0.8914751140717597,0.582350544332973,0.5489606213312028
1.6990458658121224,0.9421187940032042,1.198241567665771,0.1673831971305818,0.2818728213303033,0.04084784621071144,-0.4718661439172356
-1.351817719167613,0.9421187940032042,1.198241567665771,-0.24161463665492802,2.6285686921344293,-0.2569786377565324,-0.09703131605257442
-0.23316773800837678,0.9421187940032042,-1.2253034851287368,0.7516658168241672,-0.45146963829598613,0.8982271182376255,0.6165965293051446
-1.453513172000271,-1.0614372692331613,-1.2253034851287368,-2.16974728164376,0.8685467890313348,-2.061987631497404,2.0395272027759934
-0.23316773800837678,-1.0614372692331613,1.198241567665771,1.5696614843951868,-0.45146963829598613,1.3946045915163652,-0.27422596195223303
-1.453513172000271,-1.0614372692331613,-1.2253034851287368,-2.16974728164376,1.0152152809565926,-2.0529625865287,2.8266803412917816
1.3939595073141489,0.9421187940032042,-0.01353095873148291,0.5763810309160916,-0.15813265444547037,0.6996761289261296,0.5455426745725582
0.5803958846528859,0.9421187940032042,-0.01353095873148291,0.401096245008016,-0.30480114637072825,0.2213487455847986,-0.5957246087768631
-0.13147228517571893,0.9421187940032042,-1.2253034851287368,1.2190919125790356,-1.0381436059970177,1.087753062580417,-0.21697846096926693
-1.453513172000271,-1.0614372692331613,1.198241567665771,-0.3584711605936451,2.041894724433398,-0.347229087443576,0.012011542962598824
1.190568601648833,0.9421187940032042,-1.2253034851287368,-0.24161463665492802,-0.5981381302212441,-0.347229087443576,-0.546833109490169
0.3770049789875703,-1.0614372692331613,1.198241567665771,-0.5921842084710793,-0.744806622146502,-0.5006548519115501,0.43807771407145785
0.3770049789875703,-1.0614372692331613,1.198241567665771,0.6932375548548088,-0.0114641625202125,0.5733254993642686,-0.2910634622413409
0.3770049789875703,0.9421187940032042,-0.01353095873148291,0.401096245008016,-1.0381436059970177,0.5643004543955642,0.7047892722492235
1.292264054481491,-1.0614372692331613,-0.01353095873148291,0.3426679830386574,1.1618837728818505,0.6996761289261296,1.4622815678644159
2.0041322243100956,0.9421187940032042,-1.2253034851287368,0.6932375548548088,-0.0114641625202125,0.6545509040826079,-0.013244707471062236
0.3770049789875703,-1.0614372692331613,1.198241567665771,-0.41689942256300366,-1.0381436059970177,-0.3833292673183934,0.12084142764375924
-0.8433404550043239,-1.0614372692331613,-1.2253034851287368,0.1673831971305818,-1.0381436059970177,0.25744892545961606,0.42773744295795063
-0.43655864367369246,-1.0614372692331613,-1.2253034851287368,-1.0011820422565891,-1.1848120979222756,-0.8706816956284288,0.7514584306592484
0.6820913374855438,0.9421187940032042,-1.2253034851287368,0.401096245008016,-0.0114641625202125,0.2213487455847986,-0.5957246087768631
-1.0467313606696396,0.9421187940032042,-1.2253034851287368,-1.0011820422565891,0.13520432940504537,-1.0150824151276985,-0.39349158900008036
1.5973504129794645,0.9421187940032042,-1.2253034851287368,-1.4686081380114575,0.42854131325556116,-1.529509978343847,-1.4464366963653552
1.0888731488161751,-1.0614372692331613,-1.2253034851287368,0.517952768946733,-0.744806622146502,0.4018496449588858,-0.3219322127713717
-0.6399495493390082,0.9421187940032042,1.198241567665771,-1.7607494478582502,-0.8914751140717597,-1.728060967655343,-0.6717780521117221
1.0888731488161751,-1.0614372692331613,-1.2253034851287368,0.3426679830386574,0.8685467890313348,0.21232370061609426,-0.4268859645734764
-0.6399495493390082,0.9421187940032042,-1.2253034851287368,0.7516658168241672,-0.15813265444547037,0.8711519833315124,0.5257711671687079
-0.6399495493390082,0.9421187940032042,1.198241567665771,-0.5337559465017208,-0.30480114637072825,-0.5367550317863675,-0.11202470916716081
-0.13147228517571893,-1.0614372692331613,1.198241567665771,-1.3517516140727404,-0.8914751140717597,-1.4663346635629164,-1.7978443474884747
-0.43655864367369246,-1.0614372692331613,-1.2253034851287368,-1.5854646619501744,-1.0381436059970177,-1.583660248156073,-0.8467009717818967
-1.453513172000271,-1.0614372692331613,-0.01353095873148291,0.3426679830386574,1.6018892486576242,0.24842388049091169,-0.28694762883733677
0.7837867903182016,-1.0614372692331613,-1.2253034851287368,0.05052667319186471,-0.5981381302212441,-0.17575323303819315,-0.9516547235840028
0.3770049789875703,-1.0614372692331613,-0.01353095873148291,-0.7090407324097964,-0.5981381302212441,-0.6901807962543416,-0.030394013321079816
-0.13147228517571893,0.9421187940032042,-1.2253034851287368,0.4595245069773745,-1.0381436059970177,0.6184507242077903,0.68294413427006
0.07191862048959675,0.9421187940032042,1.198241567665771,1.8033745322726211,-0.15813265444547037,2.2971090883868013,1.4322947816352416
1.292264054481491,-1.0614372692331613,1.198241567665771,0.05052667319186471,-0.0114641625202125,0.4018496449588858,1.5672353196665205
-0.23316773800837678,0.9421187940032042,-1.2253034851287368,-0.3584711605936451,-0.15813265444547037,-0.3382040424748716,0.059717793781737465
0.6820913374855438,-1.0614372692331613,-0.01353095873148291,0.6348092928854502,-0.744806622146502,0.5462503644581556,-0.19598771060884543
1.5973504129794645,0.9421187940032042,1.198241567665771,-1.3517516140727404,0.2818728213303033,-1.2587586292827162,0.46522092574441665
0.5803958846528859,0.9421187940032042,-1.2253034851287368,0.6348092928854502,-0.5981381302212441,0.8621269383628081,0.9060266833132584
-0.43655864367369246,-1.0614372692331613,-1.2253034851287368,-1.9360342337663259,-1.0381436059970177,-1.8634366421859083,-0.05954783326610844
-0.3348631908410346,-1.0614372692331613,-1.2253034851287368,1.3943766984871113,-0.5981381302212441,1.539005311015635,0.5776713741038145
-1.1484268135022975,-1.0614372692331613,-1.2253034851287368,0.401096245008016,0.575209805180819,0.5913755893016773,0.8074614207512812
-0.6399495493390082,-1.0614372692331613,-0.01353095873148291,0.517952768946733,-0.15813265444547037,0.3115991952718422,-0.6499126871529497
